file,genotype,ghat,V1,V2,trait,mode,tsf
asi_a2,B73xLH1,-1.527386964,Fix,-0.948624194,asi,a2,perse
asi_a2,B73xLH123HT,-0.9003988508,Fix,-0.948624194,asi,a2,perse
asi_a2,B73xLH82,-0.9778111096,Fix,-0.948624194,asi,a2,perse
asi_a2,B73xMO17,-1.415021062,Fix,-0.948624194,asi,a2,perse
asi_a2,B73xPH207,-1.445319236,Fix,-0.948624194,asi,a2,perse
asi_a2,B73xPHG35,-0.749008328,Fix,-0.948624194,asi,a2,perse
asi_a2,B73xPHG39,-1.0262338373,Fix,-0.948624194,asi,a2,perse
asi_a2,B73xPHG47,-0.830371298,Fix,-0.948624194,asi,a2,perse
asi_a2,B73xPHG84,-1.202568025,Fix,-0.948624194,asi,a2,perse
asi_a2,B73xPHJ40,-0.776396022,Fix,-0.948624194,asi,a2,perse
asi_a2,B73xPHZ51,-1.326062858,Fix,-0.948624194,asi,a2,perse
asi_a2,LH1xLH123HT,-1.130302698,Fix,-0.948624194,asi,a2,perse
asi_a2,LH1xLH82,-1.206008226,Fix,-0.948624194,asi,a2,perse
asi_a2,LH1xMO17,-1.64449066,Fix,-0.948624194,asi,a2,perse
asi_a2,LH1xPH207,-1.678069473,Fix,-0.948624194,asi,a2,perse
asi_a2,LH1xPHG35,-0.9777864612,Fix,-0.948624194,asi,a2,perse
asi_a2,LH1xPHG39,-1.254722715,Fix,-0.948624194,asi,a2,perse
asi_a2,LH1xPHG47,-1.06169504,Fix,-0.948624194,asi,a2,perse
asi_a2,LH1xPHG84,-1.431196094,Fix,-0.948624194,asi,a2,perse
asi_a2,LH1xPHJ40,-1.0040098656,Fix,-0.948624194,asi,a2,perse
asi_a2,LH1xPHZ51,-1.553098441,Fix,-0.948624194,asi,a2,perse
asi_a2,LH123HTxLH82,-0.58278808,Fix,-0.948624194,asi,a2,perse
asi_a2,LH123HTxMO17,-1.0184142369,Fix,-0.948624194,asi,a2,perse
asi_a2,LH123HTxPH207,-1.050727837,Fix,-0.948624194,asi,a2,perse
asi_a2,LH123HTxPHG35,-0.351718247,Fix,-0.948624194,asi,a2,perse
asi_a2,LH123HTxPHG39,-0.631696225,Fix,-0.948624194,asi,a2,perse
asi_a2,LH123HTxPHG47,-0.435577572,Fix,-0.948624194,asi,a2,perse
asi_a2,LH123HTxPHG84,-0.807482094,Fix,-0.948624194,asi,a2,perse
asi_a2,LH123HTxPHJ40,-0.379869521,Fix,-0.948624194,asi,a2,perse
asi_a2,LH123HTxPHZ51,-0.9332878723,Fix,-0.948624194,asi,a2,perse
asi_a2,LH82xMO17,-1.094438687,Fix,-0.948624194,asi,a2,perse
asi_a2,LH82xPH207,-1.124674306,Fix,-0.948624194,asi,a2,perse
asi_a2,LH82xPHG35,-0.430021227,Fix,-0.948624194,asi,a2,perse
asi_a2,LH82xPHG39,-0.709681824,Fix,-0.948624194,asi,a2,perse
asi_a2,LH82xPHG47,-0.515049935,Fix,-0.948624194,asi,a2,perse
asi_a2,LH82xPHG84,-0.8798787746,Fix,-0.948624194,asi,a2,perse
asi_a2,LH82xPHJ40,-0.457361222,Fix,-0.948624194,asi,a2,perse
asi_a2,LH82xPHZ51,-1.0098254535,Fix,-0.948624194,asi,a2,perse
asi_a2,MO17xPH207,-1.561744988,Fix,-0.948624194,asi,a2,perse
asi_a2,MO17xPHG35,-0.8626411188,Fix,-0.948624194,asi,a2,perse
asi_a2,MO17xPHG39,-1.143629104,Fix,-0.948624194,asi,a2,perse
asi_a2,MO17xPHG47,-0.947795949509,Fix,-0.948624194,asi,a2,perse
asi_a2,MO17xPHG84,-1.318225384,Fix,-0.948624194,asi,a2,perse
asi_a2,MO17xPHJ40,-0.892066941,Fix,-0.948624194,asi,a2,perse
asi_a2,MO17xPHZ51,-1.445095212,Fix,-0.948624194,asi,a2,perse
asi_a2,PH207xPHG35,-0.8959752846,Fix,-0.948624194,asi,a2,perse
asi_a2,PH207xPHG39,-1.175890506,Fix,-0.948624194,asi,a2,perse
asi_a2,PH207xPHG47,-0.97782811,Fix,-0.948624194,asi,a2,perse
asi_a2,PH207xPHG84,-1.350490392,Fix,-0.948624194,asi,a2,perse
asi_a2,PH207xPHJ40,-0.9202742487,Fix,-0.948624194,asi,a2,perse
asi_a2,PH207xPHZ51,-1.478791893,Fix,-0.948624194,asi,a2,perse
asi_a2,PHG35xPHG39,-0.478295863,Fix,-0.948624194,asi,a2,perse
asi_a2,PHG35xPHG47,-0.286432624,Fix,-0.948624194,asi,a2,perse
asi_a2,PHG35xPHG84,-0.654974044,Fix,-0.948624194,asi,a2,perse
asi_a2,PHG35xPHJ40,-0.226519704,Fix,-0.948624194,asi,a2,perse
asi_a2,PHG35xPHZ51,-0.779379011,Fix,-0.948624194,asi,a2,perse
asi_a2,PHG39xPHG47,-0.563179195,Fix,-0.948624194,asi,a2,perse
asi_a2,PHG39xPHG84,-0.9314147163,Fix,-0.948624194,asi,a2,perse
asi_a2,PHG39xPHJ40,-0.506049663,Fix,-0.948624194,asi,a2,perse
asi_a2,PHG39xPHZ51,-1.057009638,Fix,-0.948624194,asi,a2,perse
asi_a2,PHG47xPHG84,-0.735928744,Fix,-0.948624194,asi,a2,perse
asi_a2,PHG47xPHJ40,-0.310473144,Fix,-0.948624194,asi,a2,perse
asi_a2,PHG47xPHZ51,-0.8627486381,Fix,-0.948624194,asi,a2,perse
asi_a2,PHG84xPHJ40,-0.678156138,Fix,-0.948624194,asi,a2,perse
asi_a2,PHG84xPHZ51,-1.233229697,Fix,-0.948624194,asi,a2,perse
asi_a2,PHJ40xPHZ51,-0.804504156,Fix,-0.948624194,asi,a2,perse
asi_d2,B73xLH1,-1.093177408,Fix,-0.948386371,asi,d2,perse
asi_d2,B73xLH123HT,-1.093177408,Fix,-0.948386371,asi,d2,perse
asi_d2,B73xLH82,-1.093177408,Fix,-0.948386371,asi,d2,perse
asi_d2,B73xMO17,-1.093177408,Fix,-0.948386371,asi,d2,perse
asi_d2,B73xPH207,-1.093177408,Fix,-0.948386371,asi,d2,perse
asi_d2,B73xPHG35,-1.093177408,Fix,-0.948386371,asi,d2,perse
asi_d2,B73xPHG39,-1.093177408,Fix,-0.948386371,asi,d2,perse
asi_d2,B73xPHG47,-1.093177408,Fix,-0.948386371,asi,d2,perse
asi_d2,B73xPHG84,-1.093177408,Fix,-0.948386371,asi,d2,perse
asi_d2,B73xPHJ40,-1.093177408,Fix,-0.948386371,asi,d2,perse
asi_d2,B73xPHZ51,-1.093177408,Fix,-0.948386371,asi,d2,perse
asi_d2,LH1xLH123HT,-1.183147341,Fix,-0.948386371,asi,d2,perse
asi_d2,LH1xLH82,-1.209580153,Fix,-0.948386371,asi,d2,perse
asi_d2,LH1xMO17,-1.67803961,Fix,-0.948386371,asi,d2,perse
asi_d2,LH1xPH207,-1.755547762,Fix,-0.948386371,asi,d2,perse
asi_d2,LH1xPHG35,-0.8728332518,Fix,-0.948386371,asi,d2,perse
asi_d2,LH1xPHG39,-1.058359898,Fix,-0.948386371,asi,d2,perse
asi_d2,LH1xPHG47,-1.072536856,Fix,-0.948386371,asi,d2,perse
asi_d2,LH1xPHG84,-1.369204163,Fix,-0.948386371,asi,d2,perse
asi_d2,LH1xPHJ40,-0.9121878593,Fix,-0.948386371,asi,d2,perse
asi_d2,LH1xPHZ51,-1.20455873,Fix,-0.948386371,asi,d2,perse
asi_d2,LH123HTxLH82,-0.584179371,Fix,-0.948386371,asi,d2,perse
asi_d2,LH123HTxMO17,-1.0431293397,Fix,-0.948386371,asi,d2,perse
asi_d2,LH123HTxPH207,-1.108214974,Fix,-0.948386371,asi,d2,perse
asi_d2,LH123HTxPHG35,-0.333445608,Fix,-0.948386371,asi,d2,perse
asi_d2,LH123HTxPHG39,-0.731997415,Fix,-0.948386371,asi,d2,perse
asi_d2,LH123HTxPHG47,-0.377911985,Fix,-0.948386371,asi,d2,perse
asi_d2,LH123HTxPHG84,-1.0319918095,Fix,-0.948386371,asi,d2,perse
asi_d2,LH123HTxPHJ40,-0.404333055,Fix,-0.948386371,asi,d2,perse
asi_d2,LH123HTxPHZ51,-1.136329949,Fix,-0.948386371,asi,d2,perse
asi_d2,LH82xMO17,-1.156984568,Fix,-0.948386371,asi,d2,perse
asi_d2,LH82xPH207,-1.080219895,Fix,-0.948386371,asi,d2,perse
asi_d2,LH82xPHG35,-0.474706054,Fix,-0.948386371,asi,d2,perse
asi_d2,LH82xPHG39,-0.846546516,Fix,-0.948386371,asi,d2,perse
asi_d2,LH82xPHG47,-0.569671035,Fix,-0.948386371,asi,d2,perse
asi_d2,LH82xPHG84,-0.820986777,Fix,-0.948386371,asi,d2,perse
asi_d2,LH82xPHJ40,-0.459329277,Fix,-0.948386371,asi,d2,perse
asi_d2,LH82xPHZ51,-1.0246244221,Fix,-0.948386371,asi,d2,perse
asi_d2,MO17xPH207,-1.47671324,Fix,-0.948386371,asi,d2,perse
asi_d2,MO17xPHG35,-0.730990872,Fix,-0.948386371,asi,d2,perse
asi_d2,MO17xPHG39,-1.104218781,Fix,-0.948386371,asi,d2,perse
asi_d2,MO17xPHG47,-0.8862230143,Fix,-0.948386371,asi,d2,perse
asi_d2,MO17xPHG84,-1.246825188,Fix,-0.948386371,asi,d2,perse
asi_d2,MO17xPHJ40,-0.835456736,Fix,-0.948386371,asi,d2,perse
asi_d2,MO17xPHZ51,-1.343927264,Fix,-0.948386371,asi,d2,perse
asi_d2,PH207xPHG35,-0.818588048,Fix,-0.948386371,asi,d2,perse
asi_d2,PH207xPHG39,-1.202591687,Fix,-0.948386371,asi,d2,perse
asi_d2,PH207xPHG47,-0.8490181489,Fix,-0.948386371,asi,d2,perse
asi_d2,PH207xPHG84,-1.279687524,Fix,-0.948386371,asi,d2,perse
asi_d2,PH207xPHJ40,-0.776519447,Fix,-0.948386371,asi,d2,perse
asi_d2,PH207xPHZ51,-1.502101958,Fix,-0.948386371,asi,d2,perse
asi_d2,PHG35xPHG39,-0.520558536,Fix,-0.948386371,asi,d2,perse
asi_d2,PHG35xPHG47,-0.512783885,Fix,-0.948386371,asi,d2,perse
asi_d2,PHG35xPHG84,-0.760386929,Fix,-0.948386371,asi,d2,perse
asi_d2,PHG35xPHJ40,-0.302249431,Fix,-0.948386371,asi,d2,perse
asi_d2,PHG35xPHZ51,-0.766132563,Fix,-0.948386371,asi,d2,perse
asi_d2,PHG39xPHG47,-0.706893504,Fix,-0.948386371,asi,d2,perse
asi_d2,PHG39xPHG84,-1.0120180173,Fix,-0.948386371,asi,d2,perse
asi_d2,PHG39xPHJ40,-0.585095405,Fix,-0.948386371,asi,d2,perse
asi_d2,PHG39xPHZ51,-0.9953681527,Fix,-0.948386371,asi,d2,perse
asi_d2,PHG47xPHG84,-0.758757055,Fix,-0.948386371,asi,d2,perse
asi_d2,PHG47xPHJ40,-0.463388413,Fix,-0.948386371,asi,d2,perse
asi_d2,PHG47xPHZ51,-0.9257473926,Fix,-0.948386371,asi,d2,perse
asi_d2,PHG84xPHJ40,-0.690570772,Fix,-0.948386371,asi,d2,perse
asi_d2,PHG84xPHZ51,-1.276573658,Fix,-0.948386371,asi,d2,perse
asi_d2,PHJ40xPHZ51,-0.73857446,Fix,-0.948386371,asi,d2,perse
asi_h2,B73xLH1,-1.513271808,Fix,-0.948260307,asi,h2,perse
asi_h2,B73xLH123HT,-0.9861107428,Fix,-0.948260307,asi,h2,perse
asi_h2,B73xLH82,-1.0220340785,Fix,-0.948260307,asi,h2,perse
asi_h2,B73xMO17,-1.0230865624,Fix,-0.948260307,asi,h2,perse
asi_h2,B73xPH207,-1.0121102255,Fix,-0.948260307,asi,h2,perse
asi_h2,B73xPHG35,-1.0107935366,Fix,-0.948260307,asi,h2,perse
asi_h2,B73xPHG39,-1.023618519,Fix,-0.948260307,asi,h2,perse
asi_h2,B73xPHG47,-1.048291973,Fix,-0.948260307,asi,h2,perse
asi_h2,B73xPHG84,-1.0426029858,Fix,-0.948260307,asi,h2,perse
asi_h2,B73xPHJ40,-1.0167157498,Fix,-0.948260307,asi,h2,perse
asi_h2,B73xPHZ51,-1.494357466,Fix,-0.948260307,asi,h2,perse
asi_h2,LH1xLH123HT,-1.116350948,Fix,-0.948260307,asi,h2,perse
asi_h2,LH1xLH82,-1.281693488,Fix,-0.948260307,asi,h2,perse
asi_h2,LH1xMO17,-1.619395971,Fix,-0.948260307,asi,h2,perse
asi_h2,LH1xPH207,-1.934292197,Fix,-0.948260307,asi,h2,perse
asi_h2,LH1xPHG35,-0.8628502187,Fix,-0.948260307,asi,h2,perse
asi_h2,LH1xPHG39,-1.325885206,Fix,-0.948260307,asi,h2,perse
asi_h2,LH1xPHG47,-1.077360183,Fix,-0.948260307,asi,h2,perse
asi_h2,LH1xPHG84,-1.416654706,Fix,-0.948260307,asi,h2,perse
asi_h2,LH1xPHJ40,-0.8889643584,Fix,-0.948260307,asi,h2,perse
asi_h2,LH1xPHZ51,-1.106766,Fix,-0.948260307,asi,h2,perse
asi_h2,LH123HTxLH82,-0.645969003,Fix,-0.948260307,asi,h2,perse
asi_h2,LH123HTxMO17,-1.0130248067,Fix,-0.948260307,asi,h2,perse
asi_h2,LH123HTxPH207,-1.120377987,Fix,-0.948260307,asi,h2,perse
asi_h2,LH123HTxPHG35,-0.164811909,Fix,-0.948260307,asi,h2,perse
asi_h2,LH123HTxPHG39,-0.759186476,Fix,-0.948260307,asi,h2,perse
asi_h2,LH123HTxPHG47,-0.286676407,Fix,-0.948260307,asi,h2,perse
asi_h2,LH123HTxPHG84,-1.0273959261,Fix,-0.948260307,asi,h2,perse
asi_h2,LH123HTxPHJ40,-0.253696203,Fix,-0.948260307,asi,h2,perse
asi_h2,LH123HTxPHZ51,-0.8976212849,Fix,-0.948260307,asi,h2,perse
asi_h2,LH82xMO17,-1.028461307,Fix,-0.948260307,asi,h2,perse
asi_h2,LH82xPH207,-1.060651615,Fix,-0.948260307,asi,h2,perse
asi_h2,LH82xPHG35,-0.575153321,Fix,-0.948260307,asi,h2,perse
asi_h2,LH82xPHG39,-0.8606306088,Fix,-0.948260307,asi,h2,perse
asi_h2,LH82xPHG47,-0.678303837,Fix,-0.948260307,asi,h2,perse
asi_h2,LH82xPHG84,-0.645506471,Fix,-0.948260307,asi,h2,perse
asi_h2,LH82xPHJ40,-0.574246645,Fix,-0.948260307,asi,h2,perse
asi_h2,LH82xPHZ51,-1.065249502,Fix,-0.948260307,asi,h2,perse
asi_h2,MO17xPH207,-1.377345144,Fix,-0.948260307,asi,h2,perse
asi_h2,MO17xPHG35,-0.753825247,Fix,-0.948260307,asi,h2,perse
asi_h2,MO17xPHG39,-1.070970967,Fix,-0.948260307,asi,h2,perse
asi_h2,MO17xPHG47,-0.9275121313,Fix,-0.948260307,asi,h2,perse
asi_h2,MO17xPHG84,-1.096179858,Fix,-0.948260307,asi,h2,perse
asi_h2,MO17xPHJ40,-0.8714748916,Fix,-0.948260307,asi,h2,perse
asi_h2,MO17xPHZ51,-1.285333067,Fix,-0.948260307,asi,h2,perse
asi_h2,PH207xPHG35,-0.8941370804,Fix,-0.948260307,asi,h2,perse
asi_h2,PH207xPHG39,-1.087179735,Fix,-0.948260307,asi,h2,perse
asi_h2,PH207xPHG47,-0.95664475827,Fix,-0.948260307,asi,h2,perse
asi_h2,PH207xPHG84,-1.227529496,Fix,-0.948260307,asi,h2,perse
asi_h2,PH207xPHJ40,-0.855173133,Fix,-0.948260307,asi,h2,perse
asi_h2,PH207xPHZ51,-1.792409897,Fix,-0.948260307,asi,h2,perse
asi_h2,PHG35xPHG39,-0.613400191,Fix,-0.948260307,asi,h2,perse
asi_h2,PHG35xPHG47,-0.375106752,Fix,-0.948260307,asi,h2,perse
asi_h2,PHG35xPHG84,-0.781144648,Fix,-0.948260307,asi,h2,perse
asi_h2,PHG35xPHJ40,-0.131373226,Fix,-0.948260307,asi,h2,perse
asi_h2,PHG35xPHZ51,-0.575021743,Fix,-0.948260307,asi,h2,perse
asi_h2,PHG39xPHG47,-0.80592595,Fix,-0.948260307,asi,h2,perse
asi_h2,PHG39xPHG84,-0.9834026132,Fix,-0.948260307,asi,h2,perse
asi_h2,PHG39xPHJ40,-0.66448453,Fix,-0.948260307,asi,h2,perse
asi_h2,PHG39xPHZ51,-1.301037639,Fix,-0.948260307,asi,h2,perse
asi_h2,PHG47xPHG84,-0.821749091,Fix,-0.948260307,asi,h2,perse
asi_h2,PHG47xPHJ40,-0.379922151,Fix,-0.948260307,asi,h2,perse
asi_h2,PHG47xPHZ51,-0.847211234,Fix,-0.948260307,asi,h2,perse
asi_h2,PHG84xPHJ40,-0.75727421,Fix,-0.948260307,asi,h2,perse
asi_h2,PHG84xPHZ51,-1.310163498,Fix,-0.948260307,asi,h2,perse
asi_h2,PHJ40xPHZ51,-0.562081128,Fix,-0.948260307,asi,h2,perse
dtp_a2,B73xLH1,64.98175382,Fix,63.2141838,dtp,a2,perse
dtp_a2,B73xLH123HT,65.10313069,Fix,63.2141838,dtp,a2,perse
dtp_a2,B73xLH82,61.77723645,Fix,63.2141838,dtp,a2,perse
dtp_a2,B73xMO17,64.28781437,Fix,63.2141838,dtp,a2,perse
dtp_a2,B73xPH207,61.53232896,Fix,63.2141838,dtp,a2,perse
dtp_a2,B73xPHG35,63.091707997,Fix,63.2141838,dtp,a2,perse
dtp_a2,B73xPHG39,64.99078655,Fix,63.2141838,dtp,a2,perse
dtp_a2,B73xPHG47,62.572701864,Fix,63.2141838,dtp,a2,perse
dtp_a2,B73xPHG84,66.17221092,Fix,63.2141838,dtp,a2,perse
dtp_a2,B73xPHJ40,60.10601019,Fix,63.2141838,dtp,a2,perse
dtp_a2,B73xPHZ51,63.796605758,Fix,63.2141838,dtp,a2,perse
dtp_a2,LH1xLH123HT,66.17295002,Fix,63.2141838,dtp,a2,perse
dtp_a2,LH1xLH82,62.995024614,Fix,63.2141838,dtp,a2,perse
dtp_a2,LH1xMO17,65.38761973,Fix,63.2141838,dtp,a2,perse
dtp_a2,LH1xPH207,62.688029341,Fix,63.2141838,dtp,a2,perse
dtp_a2,LH1xPHG35,64.3006947,Fix,63.2141838,dtp,a2,perse
dtp_a2,LH1xPHG39,66.22704744,Fix,63.2141838,dtp,a2,perse
dtp_a2,LH1xPHG47,63.732728593,Fix,63.2141838,dtp,a2,perse
dtp_a2,LH1xPHG84,67.27715396,Fix,63.2141838,dtp,a2,perse
dtp_a2,LH1xPHJ40,61.36120795,Fix,63.2141838,dtp,a2,perse
dtp_a2,LH1xPHZ51,65.0666182,Fix,63.2141838,dtp,a2,perse
dtp_a2,LH123HTxLH82,62.974148624,Fix,63.2141838,dtp,a2,perse
dtp_a2,LH123HTxMO17,65.58643102,Fix,63.2141838,dtp,a2,perse
dtp_a2,LH123HTxPH207,62.644325189,Fix,63.2141838,dtp,a2,perse
dtp_a2,LH123HTxPHG35,64.45889246,Fix,63.2141838,dtp,a2,perse
dtp_a2,LH123HTxPHG39,66.19642352,Fix,63.2141838,dtp,a2,perse
dtp_a2,LH123HTxPHG47,64.143769078,Fix,63.2141838,dtp,a2,perse
dtp_a2,LH123HTxPHG84,67.30158805,Fix,63.2141838,dtp,a2,perse
dtp_a2,LH123HTxPHJ40,61.29729771,Fix,63.2141838,dtp,a2,perse
dtp_a2,LH123HTxPHZ51,64.89643001,Fix,63.2141838,dtp,a2,perse
dtp_a2,LH82xMO17,62.15287422,Fix,63.2141838,dtp,a2,perse
dtp_a2,LH82xPH207,59.47992229,Fix,63.2141838,dtp,a2,perse
dtp_a2,LH82xPHG35,61.02204298,Fix,63.2141838,dtp,a2,perse
dtp_a2,LH82xPHG39,62.92498406,Fix,63.2141838,dtp,a2,perse
dtp_a2,LH82xPHG47,60.54123902,Fix,63.2141838,dtp,a2,perse
dtp_a2,LH82xPHG84,64.075074785,Fix,63.2141838,dtp,a2,perse
dtp_a2,LH82xPHJ40,58.0345602,Fix,63.2141838,dtp,a2,perse
dtp_a2,LH82xPHZ51,61.71417379,Fix,63.2141838,dtp,a2,perse
dtp_a2,MO17xPH207,62.03585874,Fix,63.2141838,dtp,a2,perse
dtp_a2,MO17xPHG35,63.631055228,Fix,63.2141838,dtp,a2,perse
dtp_a2,MO17xPHG39,65.36622047,Fix,63.2141838,dtp,a2,perse
dtp_a2,MO17xPHG47,63.1374012754,Fix,63.2141838,dtp,a2,perse
dtp_a2,MO17xPHG84,66.55470537,Fix,63.2141838,dtp,a2,perse
dtp_a2,MO17xPHJ40,60.56861495,Fix,63.2141838,dtp,a2,perse
dtp_a2,MO17xPHZ51,64.213838451,Fix,63.2141838,dtp,a2,perse
dtp_a2,PH207xPHG35,60.92789697,Fix,63.2141838,dtp,a2,perse
dtp_a2,PH207xPHG39,62.7091152,Fix,63.2141838,dtp,a2,perse
dtp_a2,PH207xPHG47,60.30694627,Fix,63.2141838,dtp,a2,perse
dtp_a2,PH207xPHG84,63.89812433,Fix,63.2141838,dtp,a2,perse
dtp_a2,PH207xPHJ40,57.79921817,Fix,63.2141838,dtp,a2,perse
dtp_a2,PH207xPHZ51,61.50451612,Fix,63.2141838,dtp,a2,perse
dtp_a2,PHG35xPHG39,64.27730703,Fix,63.2141838,dtp,a2,perse
dtp_a2,PHG35xPHG47,61.98075532,Fix,63.2141838,dtp,a2,perse
dtp_a2,PHG35xPHG84,65.50144243,Fix,63.2141838,dtp,a2,perse
dtp_a2,PHG35xPHJ40,59.4033811,Fix,63.2141838,dtp,a2,perse
dtp_a2,PHG35xPHZ51,63.050028332,Fix,63.2141838,dtp,a2,perse
dtp_a2,PHG39xPHG47,63.668955855,Fix,63.2141838,dtp,a2,perse
dtp_a2,PHG39xPHG84,67.20897006,Fix,63.2141838,dtp,a2,perse
dtp_a2,PHG39xPHJ40,61.23993766,Fix,63.2141838,dtp,a2,perse
dtp_a2,PHG39xPHZ51,64.90762209,Fix,63.2141838,dtp,a2,perse
dtp_a2,PHG47xPHG84,64.93453538,Fix,63.2141838,dtp,a2,perse
dtp_a2,PHG47xPHJ40,58.87443446,Fix,63.2141838,dtp,a2,perse
dtp_a2,PHG47xPHZ51,62.579828493,Fix,63.2141838,dtp,a2,perse
dtp_a2,PHG84xPHJ40,62.422003441,Fix,63.2141838,dtp,a2,perse
dtp_a2,PHG84xPHZ51,66.24282407,Fix,63.2141838,dtp,a2,perse
dtp_a2,PHJ40xPHZ51,60.1250224,Fix,63.2141838,dtp,a2,perse
dtp_d2,B73xLH1,63.427509275,Fix,63.2136116,dtp,d2,perse
dtp_d2,B73xLH123HT,63.427509275,Fix,63.2136116,dtp,d2,perse
dtp_d2,B73xLH82,63.427509275,Fix,63.2136116,dtp,d2,perse
dtp_d2,B73xMO17,63.427509275,Fix,63.2136116,dtp,d2,perse
dtp_d2,B73xPH207,63.427509275,Fix,63.2136116,dtp,d2,perse
dtp_d2,B73xPHG35,63.427509275,Fix,63.2136116,dtp,d2,perse
dtp_d2,B73xPHG39,63.427509275,Fix,63.2136116,dtp,d2,perse
dtp_d2,B73xPHG47,63.427509275,Fix,63.2136116,dtp,d2,perse
dtp_d2,B73xPHG84,63.427509275,Fix,63.2136116,dtp,d2,perse
dtp_d2,B73xPHJ40,63.427509275,Fix,63.2136116,dtp,d2,perse
dtp_d2,B73xPHZ51,63.427509275,Fix,63.2136116,dtp,d2,perse
dtp_d2,LH1xLH123HT,65.75443363,Fix,63.2136116,dtp,d2,perse
dtp_d2,LH1xLH82,63.003828463,Fix,63.2136116,dtp,d2,perse
dtp_d2,LH1xMO17,65.15612197,Fix,63.2136116,dtp,d2,perse
dtp_d2,LH1xPH207,62.705600736,Fix,63.2136116,dtp,d2,perse
dtp_d2,LH1xPHG35,64.31276738,Fix,63.2136116,dtp,d2,perse
dtp_d2,LH1xPHG39,65.83338642,Fix,63.2136116,dtp,d2,perse
dtp_d2,LH1xPHG47,63.911909279,Fix,63.2136116,dtp,d2,perse
dtp_d2,LH1xPHG84,66.40214467,Fix,63.2136116,dtp,d2,perse
dtp_d2,LH1xPHJ40,61.74899339,Fix,63.2136116,dtp,d2,perse
dtp_d2,LH1xPHZ51,65.0306648,Fix,63.2136116,dtp,d2,perse
dtp_d2,LH123HTxLH82,62.674098131,Fix,63.2136116,dtp,d2,perse
dtp_d2,LH123HTxMO17,65.318156,Fix,63.2136116,dtp,d2,perse
dtp_d2,LH123HTxPH207,62.405285475,Fix,63.2136116,dtp,d2,perse
dtp_d2,LH123HTxPHG35,64.36414945,Fix,63.2136116,dtp,d2,perse
dtp_d2,LH123HTxPHG39,65.56022024,Fix,63.2136116,dtp,d2,perse
dtp_d2,LH123HTxPHG47,64.42404866,Fix,63.2136116,dtp,d2,perse
dtp_d2,LH123HTxPHG84,66.53499579,Fix,63.2136116,dtp,d2,perse
dtp_d2,LH123HTxPHJ40,61.30082297,Fix,63.2136116,dtp,d2,perse
dtp_d2,LH123HTxPHZ51,64.39405381,Fix,63.2136116,dtp,d2,perse
dtp_d2,LH82xMO17,62.03212595,Fix,63.2136116,dtp,d2,perse
dtp_d2,LH82xPH207,60.22446942,Fix,63.2136116,dtp,d2,perse
dtp_d2,LH82xPHG35,61.13565135,Fix,63.2136116,dtp,d2,perse
dtp_d2,LH82xPHG39,62.932136712,Fix,63.2136116,dtp,d2,perse
dtp_d2,LH82xPHG47,60.56739568,Fix,63.2136116,dtp,d2,perse
dtp_d2,LH82xPHG84,63.994939444,Fix,63.2136116,dtp,d2,perse
dtp_d2,LH82xPHJ40,58.93489313,Fix,63.2136116,dtp,d2,perse
dtp_d2,LH82xPHZ51,61.73654484,Fix,63.2136116,dtp,d2,perse
dtp_d2,MO17xPH207,62.04821229,Fix,63.2136116,dtp,d2,perse
dtp_d2,MO17xPHG35,63.73440176,Fix,63.2136116,dtp,d2,perse
dtp_d2,MO17xPHG39,65.01540744,Fix,63.2136116,dtp,d2,perse
dtp_d2,MO17xPHG47,63.385806558,Fix,63.2136116,dtp,d2,perse
dtp_d2,MO17xPHG84,66.11511564,Fix,63.2136116,dtp,d2,perse
dtp_d2,MO17xPHJ40,60.78578758,Fix,63.2136116,dtp,d2,perse
dtp_d2,MO17xPHZ51,63.975575802,Fix,63.2136116,dtp,d2,perse
dtp_d2,PH207xPHG35,61.16725945,Fix,63.2136116,dtp,d2,perse
dtp_d2,PH207xPHG39,62.839026806,Fix,63.2136116,dtp,d2,perse
dtp_d2,PH207xPHG47,60.4737072,Fix,63.2136116,dtp,d2,perse
dtp_d2,PH207xPHG84,63.88566142,Fix,63.2136116,dtp,d2,perse
dtp_d2,PH207xPHJ40,58.83075237,Fix,63.2136116,dtp,d2,perse
dtp_d2,PH207xPHZ51,61.62267291,Fix,63.2136116,dtp,d2,perse
dtp_d2,PHG35xPHG39,64.168459889,Fix,63.2136116,dtp,d2,perse
dtp_d2,PHG35xPHG47,62.444515106,Fix,63.2136116,dtp,d2,perse
dtp_d2,PHG35xPHG84,65.39410567,Fix,63.2136116,dtp,d2,perse
dtp_d2,PHG35xPHJ40,60.06150388,Fix,63.2136116,dtp,d2,perse
dtp_d2,PHG35xPHZ51,63.034913671,Fix,63.2136116,dtp,d2,perse
dtp_d2,PHG39xPHG47,63.754171428,Fix,63.2136116,dtp,d2,perse
dtp_d2,PHG39xPHG84,66.48013878,Fix,63.2136116,dtp,d2,perse
dtp_d2,PHG39xPHJ40,61.55003905,Fix,63.2136116,dtp,d2,perse
dtp_d2,PHG39xPHZ51,64.73690629,Fix,63.2136116,dtp,d2,perse
dtp_d2,PHG47xPHG84,65.06935847,Fix,63.2136116,dtp,d2,perse
dtp_d2,PHG47xPHJ40,59.40272855,Fix,63.2136116,dtp,d2,perse
dtp_d2,PHG47xPHZ51,62.694114146,Fix,63.2136116,dtp,d2,perse
dtp_d2,PHG84xPHJ40,62.639580366,Fix,63.2136116,dtp,d2,perse
dtp_d2,PHG84xPHZ51,66.19201565,Fix,63.2136116,dtp,d2,perse
dtp_d2,PHJ40xPHZ51,60.49998426,Fix,63.2136116,dtp,d2,perse
dtp_h2,B73xLH1,64.095840864,Fix,63.2141838,dtp,h2,perse
dtp_h2,B73xLH123HT,64.41910898,Fix,63.2141838,dtp,h2,perse
dtp_h2,B73xLH82,62.597466938,Fix,63.2141838,dtp,h2,perse
dtp_h2,B73xMO17,63.790734164,Fix,63.2141838,dtp,h2,perse
dtp_h2,B73xPH207,62.415883474,Fix,63.2141838,dtp,h2,perse
dtp_h2,B73xPHG35,63.2958401293,Fix,63.2141838,dtp,h2,perse
dtp_h2,B73xPHG39,64.25248133,Fix,63.2141838,dtp,h2,perse
dtp_h2,B73xPHG47,62.754500948,Fix,63.2141838,dtp,h2,perse
dtp_h2,B73xPHG84,64.71912264,Fix,63.2141838,dtp,h2,perse
dtp_h2,B73xPHJ40,62.10515534,Fix,63.2141838,dtp,h2,perse
dtp_h2,B73xPHZ51,63.679069631,Fix,63.2141838,dtp,h2,perse
dtp_h2,LH1xLH123HT,65.81819247,Fix,63.2141838,dtp,h2,perse
dtp_h2,LH1xLH82,63.3349218,Fix,63.2141838,dtp,h2,perse
dtp_h2,LH1xMO17,65.02850019,Fix,63.2141838,dtp,h2,perse
dtp_h2,LH1xPH207,62.635040157,Fix,63.2141838,dtp,h2,perse
dtp_h2,LH1xPHG35,64.38670563,Fix,63.2141838,dtp,h2,perse
dtp_h2,LH1xPHG39,66.26267671,Fix,63.2141838,dtp,h2,perse
dtp_h2,LH1xPHG47,63.619608186,Fix,63.2141838,dtp,h2,perse
dtp_h2,LH1xPHG84,66.61440467,Fix,63.2141838,dtp,h2,perse
dtp_h2,LH1xPHJ40,61.76173281,Fix,63.2141838,dtp,h2,perse
dtp_h2,LH1xPHZ51,65.43783998,Fix,63.2141838,dtp,h2,perse
dtp_h2,LH123HTxLH82,62.93097382,Fix,63.2141838,dtp,h2,perse
dtp_h2,LH123HTxMO17,65.550179,Fix,63.2141838,dtp,h2,perse
dtp_h2,LH123HTxPH207,62.322889201,Fix,63.2141838,dtp,h2,perse
dtp_h2,LH123HTxPHG35,64.5680282,Fix,63.2141838,dtp,h2,perse
dtp_h2,LH123HTxPHG39,65.93714117,Fix,63.2141838,dtp,h2,perse
dtp_h2,LH123HTxPHG47,64.90435933,Fix,63.2141838,dtp,h2,perse
dtp_h2,LH123HTxPHG84,66.78432941,Fix,63.2141838,dtp,h2,perse
dtp_h2,LH123HTxPHJ40,61.06944751,Fix,63.2141838,dtp,h2,perse
dtp_h2,LH123HTxPHZ51,64.3546946,Fix,63.2141838,dtp,h2,perse
dtp_h2,LH82xMO17,61.89828741,Fix,63.2141838,dtp,h2,perse
dtp_h2,LH82xPH207,59.79559612,Fix,63.2141838,dtp,h2,perse
dtp_h2,LH82xPHG35,60.93025755,Fix,63.2141838,dtp,h2,perse
dtp_h2,LH82xPHG39,63.007177107,Fix,63.2141838,dtp,h2,perse
dtp_h2,LH82xPHG47,60.43065666,Fix,63.2141838,dtp,h2,perse
dtp_h2,LH82xPHG84,64.119248264,Fix,63.2141838,dtp,h2,perse
dtp_h2,LH82xPHJ40,58.37693977,Fix,63.2141838,dtp,h2,perse
dtp_h2,LH82xPHZ51,61.69503831,Fix,63.2141838,dtp,h2,perse
dtp_h2,MO17xPH207,62.354197972,Fix,63.2141838,dtp,h2,perse
dtp_h2,MO17xPHG35,63.777524762,Fix,63.2141838,dtp,h2,perse
dtp_h2,MO17xPHG39,65.13147032,Fix,63.2141838,dtp,h2,perse
dtp_h2,MO17xPHG47,63.363563903,Fix,63.2141838,dtp,h2,perse
dtp_h2,MO17xPHG84,66.13385534,Fix,63.2141838,dtp,h2,perse
dtp_h2,MO17xPHJ40,60.73046111,Fix,63.2141838,dtp,h2,perse
dtp_h2,MO17xPHZ51,64.069935553,Fix,63.2141838,dtp,h2,perse
dtp_h2,PH207xPHG35,61.15526485,Fix,63.2141838,dtp,h2,perse
dtp_h2,PH207xPHG39,62.788937293,Fix,63.2141838,dtp,h2,perse
dtp_h2,PH207xPHG47,60.30141258,Fix,63.2141838,dtp,h2,perse
dtp_h2,PH207xPHG84,63.930936568,Fix,63.2141838,dtp,h2,perse
dtp_h2,PH207xPHJ40,58.21280765,Fix,63.2141838,dtp,h2,perse
dtp_h2,PH207xPHZ51,61.4105581,Fix,63.2141838,dtp,h2,perse
dtp_h2,PHG35xPHG39,64.147964947,Fix,63.2141838,dtp,h2,perse
dtp_h2,PHG35xPHG47,62.222527258,Fix,63.2141838,dtp,h2,perse
dtp_h2,PHG35xPHG84,65.60310506,Fix,63.2141838,dtp,h2,perse
dtp_h2,PHG35xPHJ40,59.65075921,Fix,63.2141838,dtp,h2,perse
dtp_h2,PHG35xPHZ51,62.86716371,Fix,63.2141838,dtp,h2,perse
dtp_h2,PHG39xPHG47,63.612650625,Fix,63.2141838,dtp,h2,perse
dtp_h2,PHG39xPHG84,66.63438796,Fix,63.2141838,dtp,h2,perse
dtp_h2,PHG39xPHJ40,61.43210565,Fix,63.2141838,dtp,h2,perse
dtp_h2,PHG39xPHZ51,64.890388,Fix,63.2141838,dtp,h2,perse
dtp_h2,PHG47xPHG84,64.8991692,Fix,63.2141838,dtp,h2,perse
dtp_h2,PHG47xPHJ40,59.01534509,Fix,63.2141838,dtp,h2,perse
dtp_h2,PHG47xPHZ51,62.54559385,Fix,63.2141838,dtp,h2,perse
dtp_h2,PHG84xPHJ40,62.666201226,Fix,63.2141838,dtp,h2,perse
dtp_h2,PHG84xPHZ51,66.67710351,Fix,63.2141838,dtp,h2,perse
dtp_h2,PHJ40xPHZ51,60.21068477,Fix,63.2141838,dtp,h2,perse
dts_a2,B73xLH1,66.67278724,Fix,64.1755219,dts,a2,perse
dts_a2,B73xLH123HT,66.07519572,Fix,64.1755219,dts,a2,perse
dts_a2,B73xLH82,62.80609565,Fix,64.1755219,dts,a2,perse
dts_a2,B73xMO17,65.8674026,Fix,64.1755219,dts,a2,perse
dts_a2,B73xPH207,63.0259469,Fix,64.1755219,dts,a2,perse
dts_a2,B73xPHG35,63.870928635,Fix,64.1755219,dts,a2,perse
dts_a2,B73xPHG39,66.05970769,Fix,64.1755219,dts,a2,perse
dts_a2,B73xPHG47,63.404934515,Fix,64.1755219,dts,a2,perse
dts_a2,B73xPHG84,67.41678624,Fix,64.1755219,dts,a2,perse
dts_a2,B73xPHJ40,60.96481161,Fix,64.1755219,dts,a2,perse
dts_a2,B73xPHZ51,65.173127462,Fix,64.1755219,dts,a2,perse
dts_a2,LH1xLH123HT,67.45125823,Fix,64.1755219,dts,a2,perse
dts_a2,LH1xLH82,64.2301837849,Fix,64.1755219,dts,a2,perse
dts_a2,LH1xMO17,67.29102521,Fix,64.1755219,dts,a2,perse
dts_a2,LH1xPH207,64.605057051,Fix,64.1755219,dts,a2,perse
dts_a2,LH1xPHG35,65.25707071,Fix,64.1755219,dts,a2,perse
dts_a2,LH1xPHG39,67.48866134,Fix,64.1755219,dts,a2,perse
dts_a2,LH1xPHG47,64.903226425,Fix,64.1755219,dts,a2,perse
dts_a2,LH1xPHG84,68.76623111,Fix,64.1755219,dts,a2,perse
dts_a2,LH1xPHJ40,62.40943473,Fix,64.1755219,dts,a2,perse
dts_a2,LH1xPHZ51,66.57291989,Fix,64.1755219,dts,a2,perse
dts_a2,LH123HTxLH82,63.505029251,Fix,64.1755219,dts,a2,perse
dts_a2,LH123HTxMO17,66.70149546,Fix,64.1755219,dts,a2,perse
dts_a2,LH123HTxPH207,63.801932444,Fix,64.1755219,dts,a2,perse
dts_a2,LH123HTxPHG35,64.723535766,Fix,64.1755219,dts,a2,perse
dts_a2,LH123HTxPHG39,66.85449748,Fix,64.1755219,dts,a2,perse
dts_a2,LH123HTxPHG47,64.512851735,Fix,64.1755219,dts,a2,perse
dts_a2,LH123HTxPHG84,68.17776256,Fix,64.1755219,dts,a2,perse
dts_a2,LH123HTxPHJ40,61.63473134,Fix,64.1755219,dts,a2,perse
dts_a2,LH123HTxPHZ51,65.91478687,Fix,64.1755219,dts,a2,perse
dts_a2,LH82xMO17,63.348934879,Fix,64.1755219,dts,a2,perse
dts_a2,LH82xPH207,60.61126857,Fix,64.1755219,dts,a2,perse
dts_a2,LH82xPHG35,61.29005914,Fix,64.1755219,dts,a2,perse
dts_a2,LH82xPHG39,63.644531121,Fix,64.1755219,dts,a2,perse
dts_a2,LH82xPHG47,60.98602371,Fix,64.1755219,dts,a2,perse
dts_a2,LH82xPHG84,64.846182515,Fix,64.1755219,dts,a2,perse
dts_a2,LH82xPHJ40,58.38206535,Fix,64.1755219,dts,a2,perse
dts_a2,LH82xPHZ51,62.71395641,Fix,64.1755219,dts,a2,perse
dts_a2,MO17xPH207,63.727783133,Fix,64.1755219,dts,a2,perse
dts_a2,MO17xPHG35,64.395625194,Fix,64.1755219,dts,a2,perse
dts_a2,MO17xPHG39,66.57762056,Fix,64.1755219,dts,a2,perse
dts_a2,MO17xPHG47,64.1402716386,Fix,64.1755219,dts,a2,perse
dts_a2,MO17xPHG84,67.8847342,Fix,64.1755219,dts,a2,perse
dts_a2,MO17xPHJ40,61.51475911,Fix,64.1755219,dts,a2,perse
dts_a2,MO17xPHZ51,65.7257493,Fix,64.1755219,dts,a2,perse
dts_a2,PH207xPHG35,61.77215438,Fix,64.1755219,dts,a2,perse
dts_a2,PH207xPHG39,63.966002439,Fix,64.1755219,dts,a2,perse
dts_a2,PH207xPHG47,61.22130256,Fix,64.1755219,dts,a2,perse
dts_a2,PH207xPHG84,65.2685688,Fix,64.1755219,dts,a2,perse
dts_a2,PH207xPHJ40,58.61501317,Fix,64.1755219,dts,a2,perse
dts_a2,PH207xPHZ51,63.14186936,Fix,64.1755219,dts,a2,perse
dts_a2,PHG35xPHG39,64.638580372,Fix,64.1755219,dts,a2,perse
dts_a2,PHG35xPHG47,62.27689367,Fix,64.1755219,dts,a2,perse
dts_a2,PHG35xPHG84,66.11927276,Fix,64.1755219,dts,a2,perse
dts_a2,PHG35xPHJ40,59.48223596,Fix,64.1755219,dts,a2,perse
dts_a2,PHG35xPHZ51,63.751118203,Fix,64.1755219,dts,a2,perse
dts_a2,PHG39xPHG47,64.197476198,Fix,64.1755219,dts,a2,perse
dts_a2,PHG39xPHG84,68.10728436,Fix,64.1755219,dts,a2,perse
dts_a2,PHG39xPHJ40,61.66732459,Fix,64.1755219,dts,a2,perse
dts_a2,PHG39xPHZ51,65.94776111,Fix,64.1755219,dts,a2,perse
dts_a2,PHG47xPHG84,65.60461288,Fix,64.1755219,dts,a2,perse
dts_a2,PHG47xPHJ40,59.10101514,Fix,64.1755219,dts,a2,perse
dts_a2,PHG47xPHZ51,63.464295258,Fix,64.1755219,dts,a2,perse
dts_a2,PHG84xPHJ40,62.99952893,Fix,64.1755219,dts,a2,perse
dts_a2,PHG84xPHZ51,67.49072986,Fix,64.1755219,dts,a2,perse
dts_a2,PHJ40xPHZ51,60.82248359,Fix,64.1755219,dts,a2,perse
dts_d2,B73xLH1,64.584415114,Fix,64.1745911,dts,d2,perse
dts_d2,B73xLH123HT,64.584415114,Fix,64.1745911,dts,d2,perse
dts_d2,B73xLH82,64.584415114,Fix,64.1745911,dts,d2,perse
dts_d2,B73xMO17,64.584415114,Fix,64.1745911,dts,d2,perse
dts_d2,B73xPH207,64.584415114,Fix,64.1745911,dts,d2,perse
dts_d2,B73xPHG35,64.584415114,Fix,64.1745911,dts,d2,perse
dts_d2,B73xPHG39,64.584415114,Fix,64.1745911,dts,d2,perse
dts_d2,B73xPHG47,64.584415114,Fix,64.1745911,dts,d2,perse
dts_d2,B73xPHG84,64.584415114,Fix,64.1745911,dts,d2,perse
dts_d2,B73xPHJ40,64.584415114,Fix,64.1745911,dts,d2,perse
dts_d2,B73xPHZ51,64.584415114,Fix,64.1745911,dts,d2,perse
dts_d2,LH1xLH123HT,67.0031505,Fix,64.1745911,dts,d2,perse
dts_d2,LH1xLH82,64.374358108,Fix,64.1745911,dts,d2,perse
dts_d2,LH1xMO17,67.02478222,Fix,64.1745911,dts,d2,perse
dts_d2,LH1xPH207,64.837490713,Fix,64.1745911,dts,d2,perse
dts_d2,LH1xPHG35,65.155401861,Fix,64.1745911,dts,d2,perse
dts_d2,LH1xPHG39,66.9318364,Fix,64.1745911,dts,d2,perse
dts_d2,LH1xPHG47,65.075694716,Fix,64.1745911,dts,d2,perse
dts_d2,LH1xPHG84,67.78728822,Fix,64.1745911,dts,d2,perse
dts_d2,LH1xPHJ40,62.76304702,Fix,64.1745911,dts,d2,perse
dts_d2,LH1xPHZ51,66.3028572,Fix,64.1745911,dts,d2,perse
dts_d2,LH123HTxLH82,63.270399725,Fix,64.1745911,dts,d2,perse
dts_d2,LH123HTxMO17,66.37262396,Fix,64.1745911,dts,d2,perse
dts_d2,LH123HTxPH207,63.672428882,Fix,64.1745911,dts,d2,perse
dts_d2,LH123HTxPHG35,64.507580316,Fix,64.1745911,dts,d2,perse
dts_d2,LH123HTxPHG39,66.37537912,Fix,64.1745911,dts,d2,perse
dts_d2,LH123HTxPHG47,64.626950657,Fix,64.1745911,dts,d2,perse
dts_d2,LH123HTxPHG84,67.7512894,Fix,64.1745911,dts,d2,perse
dts_d2,LH123HTxPHJ40,61.52359251,Fix,64.1745911,dts,d2,perse
dts_d2,LH123HTxPHZ51,65.56329612,Fix,64.1745911,dts,d2,perse
dts_d2,LH82xMO17,63.366991198,Fix,64.1745911,dts,d2,perse
dts_d2,LH82xPH207,61.09900883,Fix,64.1745911,dts,d2,perse
dts_d2,LH82xPHG35,61.40260199,Fix,64.1745911,dts,d2,perse
dts_d2,LH82xPHG39,63.853118485,Fix,64.1745911,dts,d2,perse
dts_d2,LH82xPHG47,61.08508185,Fix,64.1745911,dts,d2,perse
dts_d2,LH82xPHG84,64.800774669,Fix,64.1745911,dts,d2,perse
dts_d2,LH82xPHJ40,59.21175388,Fix,64.1745911,dts,d2,perse
dts_d2,LH82xPHZ51,62.87542645,Fix,64.1745911,dts,d2,perse
dts_d2,MO17xPH207,63.863401449,Fix,64.1745911,dts,d2,perse
dts_d2,MO17xPHG35,64.295997394,Fix,64.1745911,dts,d2,perse
dts_d2,MO17xPHG39,66.25555543,Fix,64.1745911,dts,d2,perse
dts_d2,MO17xPHG47,64.304467729,Fix,64.1745911,dts,d2,perse
dts_d2,MO17xPHG84,67.36461142,Fix,64.1745911,dts,d2,perse
dts_d2,MO17xPHJ40,61.67518023,Fix,64.1745911,dts,d2,perse
dts_d2,MO17xPHZ51,65.38969854,Fix,64.1745911,dts,d2,perse
dts_d2,PH207xPHG35,61.92504171,Fix,64.1745911,dts,d2,perse
dts_d2,PH207xPHG39,64.317167944,Fix,64.1745911,dts,d2,perse
dts_d2,PH207xPHG47,61.28100494,Fix,64.1745911,dts,d2,perse
dts_d2,PH207xPHG84,65.38966457,Fix,64.1745911,dts,d2,perse
dts_d2,PH207xPHJ40,59.1561766,Fix,64.1745911,dts,d2,perse
dts_d2,PH207xPHZ51,63.425842619,Fix,64.1745911,dts,d2,perse
dts_d2,PHG35xPHG39,64.528434968,Fix,64.1745911,dts,d2,perse
dts_d2,PHG35xPHG47,62.89588944,Fix,64.1745911,dts,d2,perse
dts_d2,PHG35xPHG84,66.03467778,Fix,64.1745911,dts,d2,perse
dts_d2,PHG35xPHJ40,60.2295945,Fix,64.1745911,dts,d2,perse
dts_d2,PHG35xPHZ51,63.672092831,Fix,64.1745911,dts,d2,perse
dts_d2,PHG39xPHG47,64.392207509,Fix,64.1745911,dts,d2,perse
dts_d2,PHG39xPHG84,67.53276376,Fix,64.1745911,dts,d2,perse
dts_d2,PHG39xPHJ40,62.00061182,Fix,64.1745911,dts,d2,perse
dts_d2,PHG39xPHZ51,65.86716655,Fix,64.1745911,dts,d2,perse
dts_d2,PHG47xPHG84,65.66978267,Fix,64.1745911,dts,d2,perse
dts_d2,PHG47xPHJ40,59.70932678,Fix,64.1745911,dts,d2,perse
dts_d2,PHG47xPHZ51,63.579422927,Fix,64.1745911,dts,d2,perse
dts_d2,PHG84xPHJ40,63.16339139,Fix,64.1745911,dts,d2,perse
dts_d2,PHG84xPHZ51,67.44090465,Fix,64.1745911,dts,d2,perse
dts_d2,PHJ40xPHZ51,61.12020353,Fix,64.1745911,dts,d2,perse
dts_h2,B73xLH1,65.76212504,Fix,64.1761246,dts,h2,perse
dts_h2,B73xLH123HT,65.4572939,Fix,64.1761246,dts,h2,perse
dts_h2,B73xLH82,63.801927236,Fix,64.1761246,dts,h2,perse
dts_h2,B73xMO17,65.23639169,Fix,64.1761246,dts,h2,perse
dts_h2,B73xPH207,63.421168235,Fix,64.1761246,dts,h2,perse
dts_h2,B73xPHG35,64.414373574,Fix,64.1761246,dts,h2,perse
dts_h2,B73xPHG39,65.53368035,Fix,64.1761246,dts,h2,perse
dts_h2,B73xPHG47,63.545531181,Fix,64.1761246,dts,h2,perse
dts_h2,B73xPHG84,66.09239104,Fix,64.1761246,dts,h2,perse
dts_h2,B73xPHJ40,63.14678099,Fix,64.1761246,dts,h2,perse
dts_h2,B73xPHZ51,64.628183929,Fix,64.1761246,dts,h2,perse
dts_h2,LH1xLH123HT,67.10311797,Fix,64.1761246,dts,h2,perse
dts_h2,LH1xLH82,64.513413933,Fix,64.1761246,dts,h2,perse
dts_h2,LH1xMO17,67.20820597,Fix,64.1761246,dts,h2,perse
dts_h2,LH1xPH207,64.918274311,Fix,64.1761246,dts,h2,perse
dts_h2,LH1xPHG35,65.18006649,Fix,64.1761246,dts,h2,perse
dts_h2,LH1xPHG39,67.38339475,Fix,64.1761246,dts,h2,perse
dts_h2,LH1xPHG47,64.884244946,Fix,64.1761246,dts,h2,perse
dts_h2,LH1xPHG84,68.26018575,Fix,64.1761246,dts,h2,perse
dts_h2,LH1xPHJ40,62.76293817,Fix,64.1761246,dts,h2,perse
dts_h2,LH1xPHZ51,66.32114508,Fix,64.1761246,dts,h2,perse
dts_h2,LH123HTxLH82,63.304400471,Fix,64.1761246,dts,h2,perse
dts_h2,LH123HTxMO17,66.71588185,Fix,64.1761246,dts,h2,perse
dts_h2,LH123HTxPH207,63.624757734,Fix,64.1761246,dts,h2,perse
dts_h2,LH123HTxPHG35,64.642526743,Fix,64.1761246,dts,h2,perse
dts_h2,LH123HTxPHG39,66.6400657,Fix,64.1761246,dts,h2,perse
dts_h2,LH123HTxPHG47,65.024581758,Fix,64.1761246,dts,h2,perse
dts_h2,LH123HTxPHG84,67.9437795,Fix,64.1761246,dts,h2,perse
dts_h2,LH123HTxPHJ40,61.43093899,Fix,64.1761246,dts,h2,perse
dts_h2,LH123HTxPHZ51,65.62072816,Fix,64.1761246,dts,h2,perse
dts_h2,LH82xMO17,63.275856403,Fix,64.1761246,dts,h2,perse
dts_h2,LH82xPH207,60.77180174,Fix,64.1761246,dts,h2,perse
dts_h2,LH82xPHG35,61.18254688,Fix,64.1761246,dts,h2,perse
dts_h2,LH82xPHG39,63.723430542,Fix,64.1761246,dts,h2,perse
dts_h2,LH82xPHG47,61.05822661,Fix,64.1761246,dts,h2,perse
dts_h2,LH82xPHG84,64.549669084,Fix,64.1761246,dts,h2,perse
dts_h2,LH82xPHJ40,58.66003707,Fix,64.1761246,dts,h2,perse
dts_h2,LH82xPHZ51,62.9116241,Fix,64.1761246,dts,h2,perse
dts_h2,MO17xPH207,64.0922805194,Fix,64.1761246,dts,h2,perse
dts_h2,MO17xPHG35,64.1933735285,Fix,64.1761246,dts,h2,perse
dts_h2,MO17xPHG39,66.33893731,Fix,64.1761246,dts,h2,perse
dts_h2,MO17xPHG47,64.340759469,Fix,64.1761246,dts,h2,perse
dts_h2,MO17xPHG84,67.42961886,Fix,64.1761246,dts,h2,perse
dts_h2,MO17xPHJ40,61.8136926,Fix,64.1761246,dts,h2,perse
dts_h2,MO17xPHZ51,65.45090714,Fix,64.1761246,dts,h2,perse
dts_h2,PH207xPHG35,61.93202784,Fix,64.1761246,dts,h2,perse
dts_h2,PH207xPHG39,64.280351845,Fix,64.1761246,dts,h2,perse
dts_h2,PH207xPHG47,61.03170207,Fix,64.1761246,dts,h2,perse
dts_h2,PH207xPHG84,65.33726457,Fix,64.1761246,dts,h2,perse
dts_h2,PH207xPHJ40,58.49906829,Fix,64.1761246,dts,h2,perse
dts_h2,PH207xPHZ51,63.426785973,Fix,64.1761246,dts,h2,perse
dts_h2,PHG35xPHG39,64.509207932,Fix,64.1761246,dts,h2,perse
dts_h2,PHG35xPHG47,62.82844856,Fix,64.1761246,dts,h2,perse
dts_h2,PHG35xPHG84,66.38736799,Fix,64.1761246,dts,h2,perse
dts_h2,PHG35xPHJ40,59.85591033,Fix,64.1761246,dts,h2,perse
dts_h2,PHG35xPHZ51,63.578156916,Fix,64.1761246,dts,h2,perse
dts_h2,PHG39xPHG47,64.150027958,Fix,64.1761246,dts,h2,perse
dts_h2,PHG39xPHG84,67.74249819,Fix,64.1761246,dts,h2,perse
dts_h2,PHG39xPHJ40,61.8595567,Fix,64.1761246,dts,h2,perse
dts_h2,PHG39xPHZ51,65.93310573,Fix,64.1761246,dts,h2,perse
dts_h2,PHG47xPHG84,65.38999954,Fix,64.1761246,dts,h2,perse
dts_h2,PHG47xPHJ40,59.20417836,Fix,64.1761246,dts,h2,perse
dts_h2,PHG47xPHZ51,63.539632169,Fix,64.1761246,dts,h2,perse
dts_h2,PHG84xPHJ40,63.1645104,Fix,64.1761246,dts,h2,perse
dts_h2,PHG84xPHZ51,67.91497519,Fix,64.1761246,dts,h2,perse
dts_h2,PHJ40xPHZ51,60.74424651,Fix,64.1761246,dts,h2,perse
eht_a2,B73xLH1,102.0290414,Fix,105.745041,eht,a2,perse
eht_a2,B73xLH123HT,124.8458863,Fix,105.745041,eht,a2,perse
eht_a2,B73xLH82,102.34174977,Fix,105.745041,eht,a2,perse
eht_a2,B73xMO17,122.2543794,Fix,105.745041,eht,a2,perse
eht_a2,B73xPH207,108.11031257,Fix,105.745041,eht,a2,perse
eht_a2,B73xPHG35,113.67623292,Fix,105.745041,eht,a2,perse
eht_a2,B73xPHG39,120.5023938,Fix,105.745041,eht,a2,perse
eht_a2,B73xPHG47,108.97939812,Fix,105.745041,eht,a2,perse
eht_a2,B73xPHG84,115.9016915,Fix,105.745041,eht,a2,perse
eht_a2,B73xPHJ40,110.39373885,Fix,105.745041,eht,a2,perse
eht_a2,B73xPHZ51,125.6250096,Fix,105.745041,eht,a2,perse
eht_a2,LH1xLH123HT,102.7336558,Fix,105.745041,eht,a2,perse
eht_a2,LH1xLH82,80.463585,Fix,105.745041,eht,a2,perse
eht_a2,LH1xMO17,100.49485599,Fix,105.745041,eht,a2,perse
eht_a2,LH1xPH207,86.1423436,Fix,105.745041,eht,a2,perse
eht_a2,LH1xPHG35,91.7670032,Fix,105.745041,eht,a2,perse
eht_a2,LH1xPHG39,98.63493024,Fix,105.745041,eht,a2,perse
eht_a2,LH1xPHG47,87.1112558,Fix,105.745041,eht,a2,perse
eht_a2,LH1xPHG84,93.9207421,Fix,105.745041,eht,a2,perse
eht_a2,LH1xPHJ40,88.6527635,Fix,105.745041,eht,a2,perse
eht_a2,LH1xPHZ51,103.9110118,Fix,105.745041,eht,a2,perse
eht_a2,LH123HTxLH82,102.83754049,Fix,105.745041,eht,a2,perse
eht_a2,LH123HTxMO17,122.6031571,Fix,105.745041,eht,a2,perse
eht_a2,LH123HTxPH207,108.70695506,Fix,105.745041,eht,a2,perse
eht_a2,LH123HTxPHG35,114.47817813,Fix,105.745041,eht,a2,perse
eht_a2,LH123HTxPHG39,121.3978768,Fix,105.745041,eht,a2,perse
eht_a2,LH123HTxPHG47,109.7027136,Fix,105.745041,eht,a2,perse
eht_a2,LH123HTxPHG84,116.2957517,Fix,105.745041,eht,a2,perse
eht_a2,LH123HTxPHJ40,110.86631738,Fix,105.745041,eht,a2,perse
eht_a2,LH123HTxPHZ51,126.0242387,Fix,105.745041,eht,a2,perse
eht_a2,LH82xMO17,100.54578124,Fix,105.745041,eht,a2,perse
eht_a2,LH82xPH207,86.5328122,Fix,105.745041,eht,a2,perse
eht_a2,LH82xPHG35,91.9028817,Fix,105.745041,eht,a2,perse
eht_a2,LH82xPHG39,98.78050862,Fix,105.745041,eht,a2,perse
eht_a2,LH82xPHG47,87.352049,Fix,105.745041,eht,a2,perse
eht_a2,LH82xPHG84,94.2763454,Fix,105.745041,eht,a2,perse
eht_a2,LH82xPHJ40,88.9578248,Fix,105.745041,eht,a2,perse
eht_a2,LH82xPHZ51,104.01001369,Fix,105.745041,eht,a2,perse
eht_a2,MO17xPH207,106.521402167,Fix,105.745041,eht,a2,perse
eht_a2,MO17xPHG35,111.89908229,Fix,105.745041,eht,a2,perse
eht_a2,MO17xPHG39,118.7178298,Fix,105.745041,eht,a2,perse
eht_a2,MO17xPHG47,107.00853835,Fix,105.745041,eht,a2,perse
eht_a2,MO17xPHG84,113.89587604,Fix,105.745041,eht,a2,perse
eht_a2,MO17xPHJ40,108.60818015,Fix,105.745041,eht,a2,perse
eht_a2,MO17xPHZ51,123.3286191,Fix,105.745041,eht,a2,perse
eht_a2,PH207xPHG35,97.8152896,Fix,105.745041,eht,a2,perse
eht_a2,PH207xPHG39,104.55544447,Fix,105.745041,eht,a2,perse
eht_a2,PH207xPHG47,93.2321426,Fix,105.745041,eht,a2,perse
eht_a2,PH207xPHG84,99.98287641,Fix,105.745041,eht,a2,perse
eht_a2,PH207xPHJ40,94.9701911,Fix,105.745041,eht,a2,perse
eht_a2,PH207xPHZ51,109.68060814,Fix,105.745041,eht,a2,perse
eht_a2,PHG35xPHG39,110.27445995,Fix,105.745041,eht,a2,perse
eht_a2,PHG35xPHG47,98.81757556,Fix,105.745041,eht,a2,perse
eht_a2,PHG35xPHG84,105.386575358,Fix,105.745041,eht,a2,perse
eht_a2,PHG35xPHJ40,100.28556739,Fix,105.745041,eht,a2,perse
eht_a2,PHG35xPHZ51,115.0064622,Fix,105.745041,eht,a2,perse
eht_a2,PHG39xPHG47,105.639105844,Fix,105.745041,eht,a2,perse
eht_a2,PHG39xPHG84,112.40170108,Fix,105.745041,eht,a2,perse
eht_a2,PHG39xPHJ40,107.18887221,Fix,105.745041,eht,a2,perse
eht_a2,PHG39xPHZ51,122.2557527,Fix,105.745041,eht,a2,perse
eht_a2,PHG47xPHG84,100.82369672,Fix,105.745041,eht,a2,perse
eht_a2,PHG47xPHJ40,95.5769302,Fix,105.745041,eht,a2,perse
eht_a2,PHG47xPHZ51,110.48489104,Fix,105.745041,eht,a2,perse
eht_a2,PHG84xPHJ40,102.13776337,Fix,105.745041,eht,a2,perse
eht_a2,PHG84xPHZ51,117.091631,Fix,105.745041,eht,a2,perse
eht_a2,PHJ40xPHZ51,111.82267581,Fix,105.745041,eht,a2,perse
eht_d2,B73xLH1,113.70117275,Fix,105.753601,eht,d2,perse
eht_d2,B73xLH123HT,113.70117275,Fix,105.753601,eht,d2,perse
eht_d2,B73xLH82,113.70117275,Fix,105.753601,eht,d2,perse
eht_d2,B73xMO17,113.70117275,Fix,105.753601,eht,d2,perse
eht_d2,B73xPH207,113.70117275,Fix,105.753601,eht,d2,perse
eht_d2,B73xPHG35,113.70117275,Fix,105.753601,eht,d2,perse
eht_d2,B73xPHG39,113.70117275,Fix,105.753601,eht,d2,perse
eht_d2,B73xPHG47,113.70117275,Fix,105.753601,eht,d2,perse
eht_d2,B73xPHG84,113.70117275,Fix,105.753601,eht,d2,perse
eht_d2,B73xPHJ40,113.70117275,Fix,105.753601,eht,d2,perse
eht_d2,B73xPHZ51,113.70117275,Fix,105.753601,eht,d2,perse
eht_d2,LH1xLH123HT,103.01367824,Fix,105.753601,eht,d2,perse
eht_d2,LH1xLH82,83.0229377,Fix,105.753601,eht,d2,perse
eht_d2,LH1xMO17,104.53685133,Fix,105.753601,eht,d2,perse
eht_d2,LH1xPH207,86.0373649,Fix,105.753601,eht,d2,perse
eht_d2,LH1xPHG35,93.633069,Fix,105.753601,eht,d2,perse
eht_d2,LH1xPHG39,99.3186578,Fix,105.753601,eht,d2,perse
eht_d2,LH1xPHG47,89.8390369,Fix,105.753601,eht,d2,perse
eht_d2,LH1xPHG84,95.9927377,Fix,105.753601,eht,d2,perse
eht_d2,LH1xPHJ40,93.0397796,Fix,105.753601,eht,d2,perse
eht_d2,LH1xPHZ51,108.14172404,Fix,105.753601,eht,d2,perse
eht_d2,LH123HTxLH82,102.48165982,Fix,105.753601,eht,d2,perse
eht_d2,LH123HTxMO17,116.5246305,Fix,105.753601,eht,d2,perse
eht_d2,LH123HTxPH207,106.96395032,Fix,105.753601,eht,d2,perse
eht_d2,LH123HTxPHG35,113.42779772,Fix,105.753601,eht,d2,perse
eht_d2,LH123HTxPHG39,117.8587436,Fix,105.753601,eht,d2,perse
eht_d2,LH123HTxPHG47,108.56773107,Fix,105.753601,eht,d2,perse
eht_d2,LH123HTxPHG84,113.14009373,Fix,105.753601,eht,d2,perse
eht_d2,LH123HTxPHJ40,107.24663298,Fix,105.753601,eht,d2,perse
eht_d2,LH123HTxPHZ51,120.1240825,Fix,105.753601,eht,d2,perse
eht_d2,LH82xMO17,103.41360991,Fix,105.753601,eht,d2,perse
eht_d2,LH82xPH207,87.3880538,Fix,105.753601,eht,d2,perse
eht_d2,LH82xPHG35,93.614191,Fix,105.753601,eht,d2,perse
eht_d2,LH82xPHG39,99.74331372,Fix,105.753601,eht,d2,perse
eht_d2,LH82xPHG47,89.3071346,Fix,105.753601,eht,d2,perse
eht_d2,LH82xPHG84,96.8908004,Fix,105.753601,eht,d2,perse
eht_d2,LH82xPHJ40,93.346157,Fix,105.753601,eht,d2,perse
eht_d2,LH82xPHZ51,107.20725541,Fix,105.753601,eht,d2,perse
eht_d2,MO17xPH207,108.57200138,Fix,105.753601,eht,d2,perse
eht_d2,MO17xPHG35,111.90519659,Fix,105.753601,eht,d2,perse
eht_d2,MO17xPHG39,115.9577522,Fix,105.753601,eht,d2,perse
eht_d2,MO17xPHG47,107.18895738,Fix,105.753601,eht,d2,perse
eht_d2,MO17xPHG84,112.83448879,Fix,105.753601,eht,d2,perse
eht_d2,MO17xPHJ40,108.41759078,Fix,105.753601,eht,d2,perse
eht_d2,MO17xPHZ51,116.298788,Fix,105.753601,eht,d2,perse
eht_d2,PH207xPHG35,98.41678517,Fix,105.753601,eht,d2,perse
eht_d2,PH207xPHG39,103.62302963,Fix,105.753601,eht,d2,perse
eht_d2,PH207xPHG47,94.3515128,Fix,105.753601,eht,d2,perse
eht_d2,PH207xPHG84,100.16711037,Fix,105.753601,eht,d2,perse
eht_d2,PH207xPHJ40,98.30431788,Fix,105.753601,eht,d2,perse
eht_d2,PH207xPHZ51,110.54044907,Fix,105.753601,eht,d2,perse
eht_d2,PHG35xPHG39,108.04697745,Fix,105.753601,eht,d2,perse
eht_d2,PHG35xPHG47,100.7045912,Fix,105.753601,eht,d2,perse
eht_d2,PHG35xPHG84,103.51728813,Fix,105.753601,eht,d2,perse
eht_d2,PHG35xPHJ40,102.77741186,Fix,105.753601,eht,d2,perse
eht_d2,PHG35xPHZ51,112.6390795,Fix,105.753601,eht,d2,perse
eht_d2,PHG39xPHG47,106.49158983,Fix,105.753601,eht,d2,perse
eht_d2,PHG39xPHG84,111.52527659,Fix,105.753601,eht,d2,perse
eht_d2,PHG39xPHJ40,107.19604842,Fix,105.753601,eht,d2,perse
eht_d2,PHG39xPHZ51,119.1762494,Fix,105.753601,eht,d2,perse
eht_d2,PHG47xPHG84,101.39192192,Fix,105.753601,eht,d2,perse
eht_d2,PHG47xPHJ40,98.09702103,Fix,105.753601,eht,d2,perse
eht_d2,PHG47xPHZ51,111.38169281,Fix,105.753601,eht,d2,perse
eht_d2,PHG84xPHJ40,101.82054631,Fix,105.753601,eht,d2,perse
eht_d2,PHG84xPHZ51,113.45070259,Fix,105.753601,eht,d2,perse
eht_d2,PHJ40xPHZ51,110.4084634,Fix,105.753601,eht,d2,perse
eht_h2,B73xLH1,103.30784322,Fix,105.746758,eht,h2,perse
eht_h2,B73xLH123HT,127.7869134,Fix,105.746758,eht,h2,perse
eht_h2,B73xLH82,104.872996823,Fix,105.746758,eht,h2,perse
eht_h2,B73xMO17,121.7979016,Fix,105.746758,eht,h2,perse
eht_h2,B73xPH207,107.5648358,Fix,105.746758,eht,h2,perse
eht_h2,B73xPHG35,113.2562566,Fix,105.746758,eht,h2,perse
eht_h2,B73xPHG39,114.82684757,Fix,105.746758,eht,h2,perse
eht_h2,B73xPHG47,108.81893636,Fix,105.746758,eht,h2,perse
eht_h2,B73xPHG84,117.8641114,Fix,105.746758,eht,h2,perse
eht_h2,B73xPHJ40,108.59056927,Fix,105.746758,eht,h2,perse
eht_h2,B73xPHZ51,125.367888,Fix,105.746758,eht,h2,perse
eht_h2,LH1xLH123HT,101.98474933,Fix,105.746758,eht,h2,perse
eht_h2,LH1xLH82,79.8250432,Fix,105.746758,eht,h2,perse
eht_h2,LH1xMO17,104.877816693,Fix,105.746758,eht,h2,perse
eht_h2,LH1xPH207,81.7059446,Fix,105.746758,eht,h2,perse
eht_h2,LH1xPHG35,91.5758176,Fix,105.746758,eht,h2,perse
eht_h2,LH1xPHG39,96.45639278,Fix,105.746758,eht,h2,perse
eht_h2,LH1xPHG47,86.5589032,Fix,105.746758,eht,h2,perse
eht_h2,LH1xPHG84,93.4993396,Fix,105.746758,eht,h2,perse
eht_h2,LH1xPHJ40,89.1390596,Fix,105.746758,eht,h2,perse
eht_h2,LH1xPHZ51,110.86723186,Fix,105.746758,eht,h2,perse
eht_h2,LH123HTxLH82,101.59076645,Fix,105.746758,eht,h2,perse
eht_h2,LH123HTxMO17,119.2742534,Fix,105.746758,eht,h2,perse
eht_h2,LH123HTxPH207,106.76538994,Fix,105.746758,eht,h2,perse
eht_h2,LH123HTxPHG35,117.6909242,Fix,105.746758,eht,h2,perse
eht_h2,LH123HTxPHG39,125.8135839,Fix,105.746758,eht,h2,perse
eht_h2,LH123HTxPHG47,110.8313966,Fix,105.746758,eht,h2,perse
eht_h2,LH123HTxPHG84,113.79816772,Fix,105.746758,eht,h2,perse
eht_h2,LH123HTxPHJ40,105.523101524,Fix,105.746758,eht,h2,perse
eht_h2,LH123HTxPHZ51,125.784226,Fix,105.746758,eht,h2,perse
eht_h2,LH82xMO17,101.72664358,Fix,105.746758,eht,h2,perse
eht_h2,LH82xPH207,85.7182965,Fix,105.746758,eht,h2,perse
eht_h2,LH82xPHG35,89.917378,Fix,105.746758,eht,h2,perse
eht_h2,LH82xPHG39,95.9946561,Fix,105.746758,eht,h2,perse
eht_h2,LH82xPHG47,85.5715909,Fix,105.746758,eht,h2,perse
eht_h2,LH82xPHG84,97.4342065,Fix,105.746758,eht,h2,perse
eht_h2,LH82xPHJ40,90.8680654,Fix,105.746758,eht,h2,perse
eht_h2,LH82xPHZ51,107.73927356,Fix,105.746758,eht,h2,perse
eht_h2,MO17xPH207,110.59121753,Fix,105.746758,eht,h2,perse
eht_h2,MO17xPHG35,113.3383341,Fix,105.746758,eht,h2,perse
eht_h2,MO17xPHG39,118.5107579,Fix,105.746758,eht,h2,perse
eht_h2,MO17xPHG47,104.929911152,Fix,105.746758,eht,h2,perse
eht_h2,MO17xPHG84,114.66803028,Fix,105.746758,eht,h2,perse
eht_h2,MO17xPHJ40,109.77102615,Fix,105.746758,eht,h2,perse
eht_h2,MO17xPHZ51,116.0846782,Fix,105.746758,eht,h2,perse
eht_h2,PH207xPHG35,97.77858974,Fix,105.746758,eht,h2,perse
eht_h2,PH207xPHG39,100.75088169,Fix,105.746758,eht,h2,perse
eht_h2,PH207xPHG47,94.077642,Fix,105.746758,eht,h2,perse
eht_h2,PH207xPHG84,100.3908868,Fix,105.746758,eht,h2,perse
eht_h2,PH207xPHJ40,100.95134021,Fix,105.746758,eht,h2,perse
eht_h2,PH207xPHZ51,110.30213405,Fix,105.746758,eht,h2,perse
eht_h2,PHG35xPHG39,109.24097277,Fix,105.746758,eht,h2,perse
eht_h2,PHG35xPHG47,99.89551593,Fix,105.746758,eht,h2,perse
eht_h2,PHG35xPHG84,103.6914859,Fix,105.746758,eht,h2,perse
eht_h2,PHG35xPHJ40,102.40866281,Fix,105.746758,eht,h2,perse
eht_h2,PHG35xPHZ51,111.32050468,Fix,105.746758,eht,h2,perse
eht_h2,PHG39xPHG47,105.895001666,Fix,105.746758,eht,h2,perse
eht_h2,PHG39xPHG84,115.12860538,Fix,105.746758,eht,h2,perse
eht_h2,PHG39xPHJ40,108.58723046,Fix,105.746758,eht,h2,perse
eht_h2,PHG39xPHZ51,126.3194661,Fix,105.746758,eht,h2,perse
eht_h2,PHG47xPHG84,101.96542646,Fix,105.746758,eht,h2,perse
eht_h2,PHG47xPHJ40,96.44656135,Fix,105.746758,eht,h2,perse
eht_h2,PHG47xPHZ51,111.21456243,Fix,105.746758,eht,h2,perse
eht_h2,PHG84xPHJ40,99.45613624,Fix,105.746758,eht,h2,perse
eht_h2,PHG84xPHZ51,113.72402765,Fix,105.746758,eht,h2,perse
eht_h2,PHJ40xPHZ51,109.25920917,Fix,105.746758,eht,h2,perse
gy_a2,B73xLH1,169.27057814,Fix,171.188385,gy,a2,perse
gy_a2,B73xLH123HT,177.07304286,Fix,171.188385,gy,a2,perse
gy_a2,B73xLH82,182.5788174,Fix,171.188385,gy,a2,perse
gy_a2,B73xMO17,181.9649486,Fix,171.188385,gy,a2,perse
gy_a2,B73xPH207,171.542299738,Fix,171.188385,gy,a2,perse
gy_a2,B73xPHG35,171.773889174,Fix,171.188385,gy,a2,perse
gy_a2,B73xPHG39,183.905592,Fix,171.188385,gy,a2,perse
gy_a2,B73xPHG47,185.2895298,Fix,171.188385,gy,a2,perse
gy_a2,B73xPHG84,176.36779927,Fix,171.188385,gy,a2,perse
gy_a2,B73xPHJ40,171.950867524,Fix,171.188385,gy,a2,perse
gy_a2,B73xPHZ51,174.88391041,Fix,171.188385,gy,a2,perse
gy_a2,LH1xLH123HT,162.49127768,Fix,171.188385,gy,a2,perse
gy_a2,LH1xLH82,168.02628087,Fix,171.188385,gy,a2,perse
gy_a2,LH1xMO17,167.36107587,Fix,171.188385,gy,a2,perse
gy_a2,LH1xPH207,157.0198965,Fix,171.188385,gy,a2,perse
gy_a2,LH1xPHG35,157.1730585,Fix,171.188385,gy,a2,perse
gy_a2,LH1xPHG39,169.22132968,Fix,171.188385,gy,a2,perse
gy_a2,LH1xPHG47,170.689576825,Fix,171.188385,gy,a2,perse
gy_a2,LH1xPHG84,161.76951598,Fix,171.188385,gy,a2,perse
gy_a2,LH1xPHJ40,157.4103622,Fix,171.188385,gy,a2,perse
gy_a2,LH1xPHZ51,160.3526068,Fix,171.188385,gy,a2,perse
gy_a2,LH123HTxLH82,175.75569533,Fix,171.188385,gy,a2,perse
gy_a2,LH123HTxMO17,175.03081893,Fix,171.188385,gy,a2,perse
gy_a2,LH123HTxPH207,164.80912446,Fix,171.188385,gy,a2,perse
gy_a2,LH123HTxPHG35,164.99375342,Fix,171.188385,gy,a2,perse
gy_a2,LH123HTxPHG39,177.05794333,Fix,171.188385,gy,a2,perse
gy_a2,LH123HTxPHG47,178.38790416,Fix,171.188385,gy,a2,perse
gy_a2,LH123HTxPHG84,169.53791605,Fix,171.188385,gy,a2,perse
gy_a2,LH123HTxPHJ40,165.11883687,Fix,171.188385,gy,a2,perse
gy_a2,LH123HTxPHZ51,168.05680393,Fix,171.188385,gy,a2,perse
gy_a2,LH82xMO17,180.5026102,Fix,171.188385,gy,a2,perse
gy_a2,LH82xPH207,170.27922981,Fix,171.188385,gy,a2,perse
gy_a2,LH82xPHG35,170.455233981,Fix,171.188385,gy,a2,perse
gy_a2,LH82xPHG39,182.5050783,Fix,171.188385,gy,a2,perse
gy_a2,LH82xPHG47,183.8766727,Fix,171.188385,gy,a2,perse
gy_a2,LH82xPHG84,175.05938505,Fix,171.188385,gy,a2,perse
gy_a2,LH82xPHJ40,170.659983506,Fix,171.188385,gy,a2,perse
gy_a2,LH82xPHZ51,173.56924104,Fix,171.188385,gy,a2,perse
gy_a2,MO17xPH207,169.6229329,Fix,171.188385,gy,a2,perse
gy_a2,MO17xPHG35,169.81300329,Fix,171.188385,gy,a2,perse
gy_a2,MO17xPHG39,181.9473438,Fix,171.188385,gy,a2,perse
gy_a2,MO17xPHG47,183.3009148,Fix,171.188385,gy,a2,perse
gy_a2,MO17xPHG84,174.36125182,Fix,171.188385,gy,a2,perse
gy_a2,MO17xPHJ40,169.95872771,Fix,171.188385,gy,a2,perse
gy_a2,MO17xPHZ51,172.89572357,Fix,171.188385,gy,a2,perse
gy_a2,PH207xPHG35,159.4994297,Fix,171.188385,gy,a2,perse
gy_a2,PH207xPHG39,171.55208995,Fix,171.188385,gy,a2,perse
gy_a2,PH207xPHG47,172.97799562,Fix,171.188385,gy,a2,perse
gy_a2,PH207xPHG84,164.08726119,Fix,171.188385,gy,a2,perse
gy_a2,PH207xPHJ40,159.7029943,Fix,171.188385,gy,a2,perse
gy_a2,PH207xPHZ51,162.62258243,Fix,171.188385,gy,a2,perse
gy_a2,PHG35xPHG39,171.723226776,Fix,171.188385,gy,a2,perse
gy_a2,PHG35xPHG47,173.15920102,Fix,171.188385,gy,a2,perse
gy_a2,PHG35xPHG84,164.26128196,Fix,171.188385,gy,a2,perse
gy_a2,PHG35xPHJ40,159.8426418,Fix,171.188385,gy,a2,perse
gy_a2,PHG35xPHZ51,162.79982852,Fix,171.188385,gy,a2,perse
gy_a2,PHG39xPHG47,185.216094,Fix,171.188385,gy,a2,perse
gy_a2,PHG39xPHG84,176.35439681,Fix,171.188385,gy,a2,perse
gy_a2,PHG39xPHJ40,171.960232785,Fix,171.188385,gy,a2,perse
gy_a2,PHG39xPHZ51,174.98857378,Fix,171.188385,gy,a2,perse
gy_a2,PHG47xPHG84,177.74795436,Fix,171.188385,gy,a2,perse
gy_a2,PHG47xPHJ40,173.34390639,Fix,171.188385,gy,a2,perse
gy_a2,PHG47xPHZ51,176.26077937,Fix,171.188385,gy,a2,perse
gy_a2,PHG84xPHJ40,164.43244933,Fix,171.188385,gy,a2,perse
gy_a2,PHG84xPHZ51,167.26316236,Fix,171.188385,gy,a2,perse
gy_a2,PHJ40xPHZ51,162.96495055,Fix,171.188385,gy,a2,perse
gy_d2,B73xLH1,176.99378064,Fix,171.198257,gy,d2,perse
gy_d2,B73xLH123HT,176.99378064,Fix,171.198257,gy,d2,perse
gy_d2,B73xLH82,176.99378064,Fix,171.198257,gy,d2,perse
gy_d2,B73xMO17,176.99378064,Fix,171.198257,gy,d2,perse
gy_d2,B73xPH207,176.99378064,Fix,171.198257,gy,d2,perse
gy_d2,B73xPHG35,176.99378064,Fix,171.198257,gy,d2,perse
gy_d2,B73xPHG39,176.99378064,Fix,171.198257,gy,d2,perse
gy_d2,B73xPHG47,176.99378064,Fix,171.198257,gy,d2,perse
gy_d2,B73xPHG84,176.99378064,Fix,171.198257,gy,d2,perse
gy_d2,B73xPHJ40,176.99378064,Fix,171.198257,gy,d2,perse
gy_d2,B73xPHZ51,176.99378064,Fix,171.198257,gy,d2,perse
gy_d2,LH1xLH123HT,168.34859279,Fix,171.198257,gy,d2,perse
gy_d2,LH1xLH82,171.343327225,Fix,171.198257,gy,d2,perse
gy_d2,LH1xMO17,169.71523789,Fix,171.198257,gy,d2,perse
gy_d2,LH1xPH207,162.50891069,Fix,171.198257,gy,d2,perse
gy_d2,LH1xPHG35,158.1063342,Fix,171.198257,gy,d2,perse
gy_d2,LH1xPHG39,159.4252181,Fix,171.198257,gy,d2,perse
gy_d2,LH1xPHG47,172.172030956,Fix,171.198257,gy,d2,perse
gy_d2,LH1xPHG84,167.25471881,Fix,171.198257,gy,d2,perse
gy_d2,LH1xPHJ40,164.69447759,Fix,171.198257,gy,d2,perse
gy_d2,LH1xPHZ51,168.02954748,Fix,171.198257,gy,d2,perse
gy_d2,LH123HTxLH82,174.38045266,Fix,171.198257,gy,d2,perse
gy_d2,LH123HTxMO17,171.077624709,Fix,171.198257,gy,d2,perse
gy_d2,LH123HTxPH207,170.12141302,Fix,171.198257,gy,d2,perse
gy_d2,LH123HTxPHG35,169.96797875,Fix,171.198257,gy,d2,perse
gy_d2,LH123HTxPHG39,176.94975427,Fix,171.198257,gy,d2,perse
gy_d2,LH123HTxPHG47,172.96269372,Fix,171.198257,gy,d2,perse
gy_d2,LH123HTxPHG84,170.490012795,Fix,171.198257,gy,d2,perse
gy_d2,LH123HTxPHJ40,167.84090093,Fix,171.198257,gy,d2,perse
gy_d2,LH123HTxPHZ51,169.76808038,Fix,171.198257,gy,d2,perse
gy_d2,LH82xMO17,175.22962907,Fix,171.198257,gy,d2,perse
gy_d2,LH82xPH207,171.521856279,Fix,171.198257,gy,d2,perse
gy_d2,LH82xPHG35,172.4131892,Fix,171.198257,gy,d2,perse
gy_d2,LH82xPHG39,177.17443612,Fix,171.198257,gy,d2,perse
gy_d2,LH82xPHG47,176.63527063,Fix,171.198257,gy,d2,perse
gy_d2,LH82xPHG84,174.05195287,Fix,171.198257,gy,d2,perse
gy_d2,LH82xPHJ40,172.31399003,Fix,171.198257,gy,d2,perse
gy_d2,LH82xPHZ51,173.99359658,Fix,171.198257,gy,d2,perse
gy_d2,MO17xPH207,169.51612809,Fix,171.198257,gy,d2,perse
gy_d2,MO17xPHG35,168.15926197,Fix,171.198257,gy,d2,perse
gy_d2,MO17xPHG39,178.49345926,Fix,171.198257,gy,d2,perse
gy_d2,MO17xPHG47,177.0744181,Fix,171.198257,gy,d2,perse
gy_d2,MO17xPHG84,169.50771478,Fix,171.198257,gy,d2,perse
gy_d2,MO17xPHJ40,164.54931548,Fix,171.198257,gy,d2,perse
gy_d2,MO17xPHZ51,168.03825334,Fix,171.198257,gy,d2,perse
gy_d2,PH207xPHG35,162.97687486,Fix,171.198257,gy,d2,perse
gy_d2,PH207xPHG39,171.733884544,Fix,171.198257,gy,d2,perse
gy_d2,PH207xPHG47,173.44460395,Fix,171.198257,gy,d2,perse
gy_d2,PH207xPHG84,166.38910583,Fix,171.198257,gy,d2,perse
gy_d2,PH207xPHJ40,164.95178655,Fix,171.198257,gy,d2,perse
gy_d2,PH207xPHZ51,165.83818677,Fix,171.198257,gy,d2,perse
gy_d2,PHG35xPHG39,165.64060786,Fix,171.198257,gy,d2,perse
gy_d2,PHG35xPHG47,173.87001279,Fix,171.198257,gy,d2,perse
gy_d2,PHG35xPHG84,166.65764812,Fix,171.198257,gy,d2,perse
gy_d2,PHG35xPHJ40,161.85162786,Fix,171.198257,gy,d2,perse
gy_d2,PHG35xPHZ51,166.41277555,Fix,171.198257,gy,d2,perse
gy_d2,PHG39xPHG47,179.53956464,Fix,171.198257,gy,d2,perse
gy_d2,PHG39xPHG84,176.82648662,Fix,171.198257,gy,d2,perse
gy_d2,PHG39xPHJ40,173.38722518,Fix,171.198257,gy,d2,perse
gy_d2,PHG39xPHZ51,176.48879007,Fix,171.198257,gy,d2,perse
gy_d2,PHG47xPHG84,175.81398967,Fix,171.198257,gy,d2,perse
gy_d2,PHG47xPHJ40,173.29352716,Fix,171.198257,gy,d2,perse
gy_d2,PHG47xPHZ51,175.58812001,Fix,171.198257,gy,d2,perse
gy_d2,PHG84xPHJ40,165.78049329,Fix,171.198257,gy,d2,perse
gy_d2,PHG84xPHZ51,157.1037765,Fix,171.198257,gy,d2,perse
gy_d2,PHJ40xPHZ51,164.73446086,Fix,171.198257,gy,d2,perse
gy_h2,B73xLH1,166.00283088,Fix,171.191193,gy,h2,perse
gy_h2,B73xLH123HT,182.557877,Fix,171.191193,gy,h2,perse
gy_h2,B73xLH82,180.16862144,Fix,171.191193,gy,h2,perse
gy_h2,B73xMO17,187.8335251,Fix,171.191193,gy,h2,perse
gy_h2,B73xPH207,166.93800248,Fix,171.191193,gy,h2,perse
gy_h2,B73xPHG35,171.684187368,Fix,171.191193,gy,h2,perse
gy_h2,B73xPHG39,182.2979835,Fix,171.191193,gy,h2,perse
gy_h2,B73xPHG47,187.2177872,Fix,171.191193,gy,h2,perse
gy_h2,B73xPHG84,178.39092292,Fix,171.191193,gy,h2,perse
gy_h2,B73xPHJ40,172.77183856,Fix,171.191193,gy,h2,perse
gy_h2,B73xPHZ51,177.16982402,Fix,171.191193,gy,h2,perse
gy_h2,LH1xLH123HT,164.96808852,Fix,171.191193,gy,h2,perse
gy_h2,LH1xLH82,175.40706529,Fix,171.191193,gy,h2,perse
gy_h2,LH1xMO17,171.487504617,Fix,171.191193,gy,h2,perse
gy_h2,LH1xPH207,152.1707539,Fix,171.191193,gy,h2,perse
gy_h2,LH1xPHG35,151.2258819,Fix,171.191193,gy,h2,perse
gy_h2,LH1xPHG39,153.5535854,Fix,171.191193,gy,h2,perse
gy_h2,LH1xPHG47,170.03404607,Fix,171.191193,gy,h2,perse
gy_h2,LH1xPHG84,162.87519111,Fix,171.191193,gy,h2,perse
gy_h2,LH1xPHJ40,160.4341701,Fix,171.191193,gy,h2,perse
gy_h2,LH1xPHZ51,167.0617341,Fix,171.191193,gy,h2,perse
gy_h2,LH123HTxLH82,178.72868289,Fix,171.191193,gy,h2,perse
gy_h2,LH123HTxMO17,165.52095832,Fix,171.191193,gy,h2,perse
gy_h2,LH123HTxPH207,172.018181518,Fix,171.191193,gy,h2,perse
gy_h2,LH123HTxPHG35,169.05479135,Fix,171.191193,gy,h2,perse
gy_h2,LH123HTxPHG39,180.7223009,Fix,171.191193,gy,h2,perse
gy_h2,LH123HTxPHG47,167.75847806,Fix,171.191193,gy,h2,perse
gy_h2,LH123HTxPHG84,171.531005934,Fix,171.191193,gy,h2,perse
gy_h2,LH123HTxPHJ40,162.53572406,Fix,171.191193,gy,h2,perse
gy_h2,LH123HTxPHZ51,170.289407865,Fix,171.191193,gy,h2,perse
gy_h2,LH82xMO17,176.76919784,Fix,171.191193,gy,h2,perse
gy_h2,LH82xPH207,173.05240192,Fix,171.191193,gy,h2,perse
gy_h2,LH82xPHG35,171.000360981,Fix,171.191193,gy,h2,perse
gy_h2,LH82xPHG39,181.15750064,Fix,171.191193,gy,h2,perse
gy_h2,LH82xPHG47,182.7561506,Fix,171.191193,gy,h2,perse
gy_h2,LH82xPHG84,173.1453103,Fix,171.191193,gy,h2,perse
gy_h2,LH82xPHJ40,173.00215568,Fix,171.191193,gy,h2,perse
gy_h2,LH82xPHZ51,175.12051596,Fix,171.191193,gy,h2,perse
gy_h2,MO17xPH207,173.14979567,Fix,171.191193,gy,h2,perse
gy_h2,MO17xPHG35,172.69030155,Fix,171.191193,gy,h2,perse
gy_h2,MO17xPHG39,189.1286549,Fix,171.191193,gy,h2,perse
gy_h2,MO17xPHG47,179.60745658,Fix,171.191193,gy,h2,perse
gy_h2,MO17xPHG84,168.30238952,Fix,171.191193,gy,h2,perse
gy_h2,MO17xPHJ40,164.37193622,Fix,171.191193,gy,h2,perse
gy_h2,MO17xPHZ51,165.71571292,Fix,171.191193,gy,h2,perse
gy_h2,PH207xPHG35,156.8516878,Fix,171.191193,gy,h2,perse
gy_h2,PH207xPHG39,168.02422895,Fix,171.191193,gy,h2,perse
gy_h2,PH207xPHG47,172.83180334,Fix,171.191193,gy,h2,perse
gy_h2,PH207xPHG84,167.88492145,Fix,171.191193,gy,h2,perse
gy_h2,PH207xPHJ40,162.80230178,Fix,171.191193,gy,h2,perse
gy_h2,PH207xPHZ51,164.82738628,Fix,171.191193,gy,h2,perse
gy_h2,PHG35xPHG39,160.3263077,Fix,171.191193,gy,h2,perse
gy_h2,PHG35xPHG47,173.87404241,Fix,171.191193,gy,h2,perse
gy_h2,PHG35xPHG84,167.66047372,Fix,171.191193,gy,h2,perse
gy_h2,PHG35xPHJ40,156.5292305,Fix,171.191193,gy,h2,perse
gy_h2,PHG35xPHZ51,166.44975175,Fix,171.191193,gy,h2,perse
gy_h2,PHG39xPHG47,187.8420681,Fix,171.191193,gy,h2,perse
gy_h2,PHG39xPHG84,182.7922968,Fix,171.191193,gy,h2,perse
gy_h2,PHG39xPHJ40,176.71661128,Fix,171.191193,gy,h2,perse
gy_h2,PHG39xPHZ51,183.7503399,Fix,171.191193,gy,h2,perse
gy_h2,PHG47xPHG84,178.58373393,Fix,171.191193,gy,h2,perse
gy_h2,PHG47xPHJ40,170.351136819,Fix,171.191193,gy,h2,perse
gy_h2,PHG47xPHZ51,178.28563775,Fix,171.191193,gy,h2,perse
gy_h2,PHG84xPHJ40,167.85327543,Fix,171.191193,gy,h2,perse
gy_h2,PHG84xPHZ51,148.938866,Fix,171.191193,gy,h2,perse
gy_h2,PHJ40xPHZ51,166.06163968,Fix,171.191193,gy,h2,perse
pht_a2,B73xLH1,219.62636424,Fix,224.646729,pht,a2,perse
pht_a2,B73xLH123HT,254.9104009,Fix,224.646729,pht,a2,perse
pht_a2,B73xLH82,208.9707894,Fix,224.646729,pht,a2,perse
pht_a2,B73xMO17,240.1810718,Fix,224.646729,pht,a2,perse
pht_a2,B73xPH207,224.122099407,Fix,224.646729,pht,a2,perse
pht_a2,B73xPHG35,232.73390818,Fix,224.646729,pht,a2,perse
pht_a2,B73xPHG39,247.7498937,Fix,224.646729,pht,a2,perse
pht_a2,B73xPHG47,230.28591729,Fix,224.646729,pht,a2,perse
pht_a2,B73xPHG84,244.1523442,Fix,224.646729,pht,a2,perse
pht_a2,B73xPHJ40,219.82671881,Fix,224.646729,pht,a2,perse
pht_a2,B73xPHZ51,255.8622327,Fix,224.646729,pht,a2,perse
pht_a2,LH1xLH123HT,228.72149611,Fix,224.646729,pht,a2,perse
pht_a2,LH1xLH82,182.5931783,Fix,224.646729,pht,a2,perse
pht_a2,LH1xMO17,214.4346433,Fix,224.646729,pht,a2,perse
pht_a2,LH1xPH207,197.7268567,Fix,224.646729,pht,a2,perse
pht_a2,LH1xPHG35,206.7693276,Fix,224.646729,pht,a2,perse
pht_a2,LH1xPHG39,221.59130669,Fix,224.646729,pht,a2,perse
pht_a2,LH1xPHG47,204.1763558,Fix,224.646729,pht,a2,perse
pht_a2,LH1xPHG84,218.12968493,Fix,224.646729,pht,a2,perse
pht_a2,LH1xPHJ40,194.6746163,Fix,224.646729,pht,a2,perse
pht_a2,LH1xPHZ51,230.32604504,Fix,224.646729,pht,a2,perse
pht_a2,LH123HTxLH82,217.06653167,Fix,224.646729,pht,a2,perse
pht_a2,LH123HTxMO17,247.5108113,Fix,224.646729,pht,a2,perse
pht_a2,LH123HTxPH207,232.77231265,Fix,224.646729,pht,a2,perse
pht_a2,LH123HTxPHG35,241.5825067,Fix,224.646729,pht,a2,perse
pht_a2,LH123HTxPHG39,256.8488202,Fix,224.646729,pht,a2,perse
pht_a2,LH123HTxPHG47,238.4210095,Fix,224.646729,pht,a2,perse
pht_a2,LH123HTxPHG84,251.5091806,Fix,224.646729,pht,a2,perse
pht_a2,LH123HTxPHJ40,227.37371779,Fix,224.646729,pht,a2,perse
pht_a2,LH123HTxPHZ51,263.0174756,Fix,224.646729,pht,a2,perse
pht_a2,LH82xMO17,202.6711011,Fix,224.646729,pht,a2,perse
pht_a2,LH82xPH207,187.3744741,Fix,224.646729,pht,a2,perse
pht_a2,LH82xPHG35,195.7610021,Fix,224.646729,pht,a2,perse
pht_a2,LH82xPHG39,210.7693067,Fix,224.646729,pht,a2,perse
pht_a2,LH82xPHG47,193.0721402,Fix,224.646729,pht,a2,perse
pht_a2,LH82xPHG84,206.8458562,Fix,224.646729,pht,a2,perse
pht_a2,LH82xPHJ40,183.0680623,Fix,224.646729,pht,a2,perse
pht_a2,LH82xPHZ51,218.48972798,Fix,224.646729,pht,a2,perse
pht_a2,MO17xPH207,218.73111964,Fix,224.646729,pht,a2,perse
pht_a2,MO17xPHG35,226.88608814,Fix,224.646729,pht,a2,perse
pht_a2,MO17xPHG39,242.1665387,Fix,224.646729,pht,a2,perse
pht_a2,MO17xPHG47,223.854745038,Fix,224.646729,pht,a2,perse
pht_a2,MO17xPHG84,237.475615,Fix,224.646729,pht,a2,perse
pht_a2,MO17xPHJ40,213.2572122,Fix,224.646729,pht,a2,perse
pht_a2,MO17xPHZ51,248.8876004,Fix,224.646729,pht,a2,perse
pht_a2,PH207xPHG35,211.2566428,Fix,224.646729,pht,a2,perse
pht_a2,PH207xPHG39,226.0913775,Fix,224.646729,pht,a2,perse
pht_a2,PH207xPHG47,208.5931859,Fix,224.646729,pht,a2,perse
pht_a2,PH207xPHG84,222.70843268,Fix,224.646729,pht,a2,perse
pht_a2,PH207xPHJ40,198.823935,Fix,224.646729,pht,a2,perse
pht_a2,PH207xPHZ51,234.3832574,Fix,224.646729,pht,a2,perse
pht_a2,PHG35xPHG39,234.7503018,Fix,224.646729,pht,a2,perse
pht_a2,PHG35xPHG47,217.33298112,Fix,224.646729,pht,a2,perse
pht_a2,PHG35xPHG84,230.59996796,Fix,224.646729,pht,a2,perse
pht_a2,PHG35xPHJ40,206.8689809,Fix,224.646729,pht,a2,perse
pht_a2,PHG35xPHZ51,242.3240819,Fix,224.646729,pht,a2,perse
pht_a2,PHG39xPHG47,232.24991179,Fix,224.646729,pht,a2,perse
pht_a2,PHG39xPHG84,245.9313665,Fix,224.646729,pht,a2,perse
pht_a2,PHG39xPHJ40,222.20212484,Fix,224.646729,pht,a2,perse
pht_a2,PHG39xPHZ51,257.9803777,Fix,224.646729,pht,a2,perse
pht_a2,PHG47xPHG84,227.99036742,Fix,224.646729,pht,a2,perse
pht_a2,PHG47xPHJ40,204.2029042,Fix,224.646729,pht,a2,perse
pht_a2,PHG47xPHZ51,239.885715,Fix,224.646729,pht,a2,perse
pht_a2,PHG84xPHJ40,217.52209712,Fix,224.646729,pht,a2,perse
pht_a2,PHG84xPHZ51,252.9445882,Fix,224.646729,pht,a2,perse
pht_a2,PHJ40xPHZ51,229.06299735,Fix,224.646729,pht,a2,perse
pht_d2,B73xLH1,233.84112542,Fix,224.658966,pht,d2,perse
pht_d2,B73xLH123HT,233.84112542,Fix,224.658966,pht,d2,perse
pht_d2,B73xLH82,233.84112542,Fix,224.658966,pht,d2,perse
pht_d2,B73xMO17,233.84112542,Fix,224.658966,pht,d2,perse
pht_d2,B73xPH207,233.84112542,Fix,224.658966,pht,d2,perse
pht_d2,B73xPHG35,233.84112542,Fix,224.658966,pht,d2,perse
pht_d2,B73xPHG39,233.84112542,Fix,224.658966,pht,d2,perse
pht_d2,B73xPHG47,233.84112542,Fix,224.658966,pht,d2,perse
pht_d2,B73xPHG84,233.84112542,Fix,224.658966,pht,d2,perse
pht_d2,B73xPHJ40,233.84112542,Fix,224.658966,pht,d2,perse
pht_d2,B73xPHZ51,233.84112542,Fix,224.658966,pht,d2,perse
pht_d2,LH1xLH123HT,229.58292955,Fix,224.658966,pht,d2,perse
pht_d2,LH1xLH82,185.9089469,Fix,224.658966,pht,d2,perse
pht_d2,LH1xMO17,217.73326057,Fix,224.658966,pht,d2,perse
pht_d2,LH1xPH207,194.6901855,Fix,224.658966,pht,d2,perse
pht_d2,LH1xPHG35,208.5227775,Fix,224.658966,pht,d2,perse
pht_d2,LH1xPHG39,218.73461049,Fix,224.658966,pht,d2,perse
pht_d2,LH1xPHG47,205.5026531,Fix,224.658966,pht,d2,perse
pht_d2,LH1xPHG84,221.04957002,Fix,224.658966,pht,d2,perse
pht_d2,LH1xPHJ40,205.0252227,Fix,224.658966,pht,d2,perse
pht_d2,LH1xPHZ51,235.2834758,Fix,224.658966,pht,d2,perse
pht_d2,LH123HTxLH82,218.20313829,Fix,224.658966,pht,d2,perse
pht_d2,LH123HTxMO17,240.7583198,Fix,224.658966,pht,d2,perse
pht_d2,LH123HTxPH207,232.37003844,Fix,224.658966,pht,d2,perse
pht_d2,LH123HTxPHG35,241.1315936,Fix,224.658966,pht,d2,perse
pht_d2,LH123HTxPHG39,251.8127097,Fix,224.658966,pht,d2,perse
pht_d2,LH123HTxPHG47,235.9653148,Fix,224.658966,pht,d2,perse
pht_d2,LH123HTxPHG84,243.5512733,Fix,224.658966,pht,d2,perse
pht_d2,LH123HTxPHJ40,222.05788034,Fix,224.658966,pht,d2,perse
pht_d2,LH123HTxPHZ51,250.4531421,Fix,224.658966,pht,d2,perse
pht_d2,LH82xMO17,205.4862003,Fix,224.658966,pht,d2,perse
pht_d2,LH82xPH207,189.5580139,Fix,224.658966,pht,d2,perse
pht_d2,LH82xPHG35,200.7049007,Fix,224.658966,pht,d2,perse
pht_d2,LH82xPHG39,212.333621,Fix,224.658966,pht,d2,perse
pht_d2,LH82xPHG47,196.2418536,Fix,224.658966,pht,d2,perse
pht_d2,LH82xPHG84,211.2521877,Fix,224.658966,pht,d2,perse
pht_d2,LH82xPHJ40,194.8777961,Fix,224.658966,pht,d2,perse
pht_d2,LH82xPHZ51,223.2760145,Fix,224.658966,pht,d2,perse
pht_d2,MO17xPH207,221.35219711,Fix,224.658966,pht,d2,perse
pht_d2,MO17xPHG35,227.3735668,Fix,224.658966,pht,d2,perse
pht_d2,MO17xPHG39,240.6648177,Fix,224.658966,pht,d2,perse
pht_d2,MO17xPHG47,222.8079608,Fix,224.658966,pht,d2,perse
pht_d2,MO17xPHG84,235.578535,Fix,224.658966,pht,d2,perse
pht_d2,MO17xPHJ40,209.2524814,Fix,224.658966,pht,d2,perse
pht_d2,MO17xPHZ51,243.2432727,Fix,224.658966,pht,d2,perse
pht_d2,PH207xPHG35,213.5688571,Fix,224.658966,pht,d2,perse
pht_d2,PH207xPHG39,224.708371843,Fix,224.658966,pht,d2,perse
pht_d2,PH207xPHG47,208.9635715,Fix,224.658966,pht,d2,perse
pht_d2,PH207xPHG84,225.90993851,Fix,224.658966,pht,d2,perse
pht_d2,PH207xPHJ40,204.7146739,Fix,224.658966,pht,d2,perse
pht_d2,PH207xPHZ51,237.2486677,Fix,224.658966,pht,d2,perse
pht_d2,PHG35xPHG39,230.14640802,Fix,224.658966,pht,d2,perse
pht_d2,PHG35xPHG47,220.10447686,Fix,224.658966,pht,d2,perse
pht_d2,PHG35xPHG84,230.01553004,Fix,224.658966,pht,d2,perse
pht_d2,PHG35xPHJ40,210.2040109,Fix,224.658966,pht,d2,perse
pht_d2,PHG35xPHZ51,240.8632964,Fix,224.658966,pht,d2,perse
pht_d2,PHG39xPHG47,231.54401105,Fix,224.658966,pht,d2,perse
pht_d2,PHG39xPHG84,244.0141601,Fix,224.658966,pht,d2,perse
pht_d2,PHG39xPHJ40,222.02984756,Fix,224.658966,pht,d2,perse
pht_d2,PHG39xPHZ51,252.3082885,Fix,224.658966,pht,d2,perse
pht_d2,PHG47xPHG84,228.35654491,Fix,224.658966,pht,d2,perse
pht_d2,PHG47xPHJ40,207.2396736,Fix,224.658966,pht,d2,perse
pht_d2,PHG47xPHZ51,241.182022,Fix,224.658966,pht,d2,perse
pht_d2,PHG84xPHJ40,218.13482183,Fix,224.658966,pht,d2,perse
pht_d2,PHG84xPHZ51,243.4234962,Fix,224.658966,pht,d2,perse
pht_d2,PHJ40xPHZ51,228.21833103,Fix,224.658966,pht,d2,perse
pht_h2,B73xLH1,216.14747402,Fix,224.64978,pht,h2,perse
pht_h2,B73xLH123HT,260.4884717,Fix,224.64978,pht,h2,perse
pht_h2,B73xLH82,213.6186034,Fix,224.64978,pht,h2,perse
pht_h2,B73xMO17,244.3867566,Fix,224.64978,pht,h2,perse
pht_h2,B73xPH207,220.25595828,Fix,224.64978,pht,h2,perse
pht_h2,B73xPHG35,231.22875568,Fix,224.64978,pht,h2,perse
pht_h2,B73xPHG39,237.5371625,Fix,224.64978,pht,h2,perse
pht_h2,B73xPHG47,229.08697721,Fix,224.64978,pht,h2,perse
pht_h2,B73xPHG84,248.3353727,Fix,224.64978,pht,h2,perse
pht_h2,B73xPHJ40,221.38794562,Fix,224.64978,pht,h2,perse
pht_h2,B73xPHZ51,254.2978437,Fix,224.64978,pht,h2,perse
pht_h2,LH1xLH123HT,233.03034183,Fix,224.64978,pht,h2,perse
pht_h2,LH1xLH82,177.1649053,Fix,224.64978,pht,h2,perse
pht_h2,LH1xMO17,221.47133418,Fix,224.64978,pht,h2,perse
pht_h2,LH1xPH207,185.3692319,Fix,224.64978,pht,h2,perse
pht_h2,LH1xPHG35,205.7773168,Fix,224.64978,pht,h2,perse
pht_h2,LH1xPHG39,213.7352378,Fix,224.64978,pht,h2,perse
pht_h2,LH1xPHG47,201.5539128,Fix,224.64978,pht,h2,perse
pht_h2,LH1xPHG84,220.79274865,Fix,224.64978,pht,h2,perse
pht_h2,LH1xPHJ40,204.0777375,Fix,224.64978,pht,h2,perse
pht_h2,LH1xPHZ51,240.8681504,Fix,224.64978,pht,h2,perse
pht_h2,LH123HTxLH82,217.92277213,Fix,224.64978,pht,h2,perse
pht_h2,LH123HTxMO17,240.7673719,Fix,224.64978,pht,h2,perse
pht_h2,LH123HTxPH207,233.33365794,Fix,224.64978,pht,h2,perse
pht_h2,LH123HTxPHG35,247.987087,Fix,224.64978,pht,h2,perse
pht_h2,LH123HTxPHG39,266.6065976,Fix,224.64978,pht,h2,perse
pht_h2,LH123HTxPHG47,239.2022988,Fix,224.64978,pht,h2,perse
pht_h2,LH123HTxPHG84,244.3367574,Fix,224.64978,pht,h2,perse
pht_h2,LH123HTxPHJ40,218.00280114,Fix,224.64978,pht,h2,perse
pht_h2,LH123HTxPHZ51,252.8828218,Fix,224.64978,pht,h2,perse
pht_h2,LH82xMO17,202.505594,Fix,224.64978,pht,h2,perse
pht_h2,LH82xPH207,184.6298978,Fix,224.64978,pht,h2,perse
pht_h2,LH82xPHG35,195.3244741,Fix,224.64978,pht,h2,perse
pht_h2,LH82xPHG39,210.964771,Fix,224.64978,pht,h2,perse
pht_h2,LH82xPHG47,191.2171552,Fix,224.64978,pht,h2,perse
pht_h2,LH82xPHG84,208.4507024,Fix,224.64978,pht,h2,perse
pht_h2,LH82xPHJ40,187.8181989,Fix,224.64978,pht,h2,perse
pht_h2,LH82xPHZ51,220.30375358,Fix,224.64978,pht,h2,perse
pht_h2,MO17xPH207,224.219806398,Fix,224.64978,pht,h2,perse
pht_h2,MO17xPHG35,228.39799496,Fix,224.64978,pht,h2,perse
pht_h2,MO17xPHG39,248.4802262,Fix,224.64978,pht,h2,perse
pht_h2,MO17xPHG47,222.96013995,Fix,224.64978,pht,h2,perse
pht_h2,MO17xPHG84,235.2051904,Fix,224.64978,pht,h2,perse
pht_h2,MO17xPHJ40,207.9076459,Fix,224.64978,pht,h2,perse
pht_h2,MO17xPHZ51,241.7129876,Fix,224.64978,pht,h2,perse
pht_h2,PH207xPHG35,211.4422471,Fix,224.64978,pht,h2,perse
pht_h2,PH207xPHG39,222.8395116,Fix,224.64978,pht,h2,perse
pht_h2,PH207xPHG47,208.2338311,Fix,224.64978,pht,h2,perse
pht_h2,PH207xPHG84,230.22278043,Fix,224.64978,pht,h2,perse
pht_h2,PH207xPHJ40,205.0399663,Fix,224.64978,pht,h2,perse
pht_h2,PH207xPHZ51,239.2082822,Fix,224.64978,pht,h2,perse
pht_h2,PHG35xPHG39,230.22746154,Fix,224.64978,pht,h2,perse
pht_h2,PHG35xPHG47,217.63363143,Fix,224.64978,pht,h2,perse
pht_h2,PHG35xPHG84,227.68124863,Fix,224.64978,pht,h2,perse
pht_h2,PHG35xPHJ40,207.8642823,Fix,224.64978,pht,h2,perse
pht_h2,PHG35xPHZ51,240.928024,Fix,224.64978,pht,h2,perse
pht_h2,PHG39xPHG47,231.52994748,Fix,224.64978,pht,h2,perse
pht_h2,PHG39xPHG84,248.7775685,Fix,224.64978,pht,h2,perse
pht_h2,PHG39xPHJ40,222.75411817,Fix,224.64978,pht,h2,perse
pht_h2,PHG39xPHZ51,261.9063947,Fix,224.64978,pht,h2,perse
pht_h2,PHG47xPHG84,229.50157186,Fix,224.64978,pht,h2,perse
pht_h2,PHG47xPHJ40,204.3209645,Fix,224.64978,pht,h2,perse
pht_h2,PHG47xPHZ51,243.8167321,Fix,224.64978,pht,h2,perse
pht_h2,PHG84xPHJ40,217.54351446,Fix,224.64978,pht,h2,perse
pht_h2,PHG84xPHZ51,245.9346883,Fix,224.64978,pht,h2,perse
pht_h2,PHJ40xPHZ51,227.72456094,Fix,224.64978,pht,h2,perse
tw_a2,B73xLH1,57.718360808,Fix,57.1052933,tw,a2,perse
tw_a2,B73xLH123HT,57.1465198435,Fix,57.1052933,tw,a2,perse
tw_a2,B73xLH82,57.0338639505,Fix,57.1052933,tw,a2,perse
tw_a2,B73xMO17,56.526080396,Fix,57.1052933,tw,a2,perse
tw_a2,B73xPH207,56.41563132,Fix,57.1052933,tw,a2,perse
tw_a2,B73xPHG35,56.60528722,Fix,57.1052933,tw,a2,perse
tw_a2,B73xPHG39,58.29946378,Fix,57.1052933,tw,a2,perse
tw_a2,B73xPHG47,55.92299249,Fix,57.1052933,tw,a2,perse
tw_a2,B73xPHG84,57.652574982,Fix,57.1052933,tw,a2,perse
tw_a2,B73xPHJ40,57.829806712,Fix,57.1052933,tw,a2,perse
tw_a2,B73xPHZ51,56.927065607,Fix,57.1052933,tw,a2,perse
tw_a2,LH1xLH123HT,57.761611607,Fix,57.1052933,tw,a2,perse
tw_a2,LH1xLH82,57.658375528,Fix,57.1052933,tw,a2,perse
tw_a2,LH1xMO17,57.1613467932,Fix,57.1052933,tw,a2,perse
tw_a2,LH1xPH207,57.0358048268,Fix,57.1052933,tw,a2,perse
tw_a2,LH1xPHG35,57.22042666,Fix,57.1052933,tw,a2,perse
tw_a2,LH1xPHG39,58.90571478,Fix,57.1052933,tw,a2,perse
tw_a2,LH1xPHG47,56.550538983,Fix,57.1052933,tw,a2,perse
tw_a2,LH1xPHG84,58.27104023,Fix,57.1052933,tw,a2,perse
tw_a2,LH1xPHJ40,58.44694927,Fix,57.1052933,tw,a2,perse
tw_a2,LH1xPHZ51,57.548390653,Fix,57.1052933,tw,a2,perse
tw_a2,LH123HTxLH82,57.0919099525,Fix,57.1052933,tw,a2,perse
tw_a2,LH123HTxMO17,56.592347588,Fix,57.1052933,tw,a2,perse
tw_a2,LH123HTxPH207,56.460705426,Fix,57.1052933,tw,a2,perse
tw_a2,LH123HTxPHG35,56.646772232,Fix,57.1052933,tw,a2,perse
tw_a2,LH123HTxPHG39,58.34781912,Fix,57.1052933,tw,a2,perse
tw_a2,LH123HTxPHG47,55.99744871,Fix,57.1052933,tw,a2,perse
tw_a2,LH123HTxPHG84,57.696999636,Fix,57.1052933,tw,a2,perse
tw_a2,LH123HTxPHJ40,57.896732237,Fix,57.1052933,tw,a2,perse
tw_a2,LH123HTxPHZ51,56.982973199,Fix,57.1052933,tw,a2,perse
tw_a2,LH82xMO17,56.48560169,Fix,57.1052933,tw,a2,perse
tw_a2,LH82xPH207,56.360346939,Fix,57.1052933,tw,a2,perse
tw_a2,LH82xPHG35,56.552040782,Fix,57.1052933,tw,a2,perse
tw_a2,LH82xPHG39,58.2437587,Fix,57.1052933,tw,a2,perse
tw_a2,LH82xPHG47,55.88455513,Fix,57.1052933,tw,a2,perse
tw_a2,LH82xPHG84,57.593697961,Fix,57.1052933,tw,a2,perse
tw_a2,LH82xPHJ40,57.785567787,Fix,57.1052933,tw,a2,perse
tw_a2,LH82xPHZ51,56.874965396,Fix,57.1052933,tw,a2,perse
tw_a2,MO17xPH207,55.86230519,Fix,57.1052933,tw,a2,perse
tw_a2,MO17xPHG35,56.04710343,Fix,57.1052933,tw,a2,perse
tw_a2,MO17xPHG39,57.741461124,Fix,57.1052933,tw,a2,perse
tw_a2,MO17xPHG47,55.38030985,Fix,57.1052933,tw,a2,perse
tw_a2,MO17xPHG84,57.09966174513,Fix,57.1052933,tw,a2,perse
tw_a2,MO17xPHJ40,57.277380642,Fix,57.1052933,tw,a2,perse
tw_a2,MO17xPHZ51,56.378711727,Fix,57.1052933,tw,a2,perse
tw_a2,PH207xPHG35,55.91997507,Fix,57.1052933,tw,a2,perse
tw_a2,PH207xPHG39,57.616518822,Fix,57.1052933,tw,a2,perse
tw_a2,PH207xPHG47,55.25280073,Fix,57.1052933,tw,a2,perse
tw_a2,PH207xPHG84,56.981054198,Fix,57.1052933,tw,a2,perse
tw_a2,PH207xPHJ40,57.1533653922,Fix,57.1052933,tw,a2,perse
tw_a2,PH207xPHZ51,56.258778956,Fix,57.1052933,tw,a2,perse
tw_a2,PHG35xPHG39,57.802829769,Fix,57.1052933,tw,a2,perse
tw_a2,PHG35xPHG47,55.44583371,Fix,57.1052933,tw,a2,perse
tw_a2,PHG35xPHG84,57.1694823392,Fix,57.1052933,tw,a2,perse
tw_a2,PHG35xPHJ40,57.350387897,Fix,57.1052933,tw,a2,perse
tw_a2,PHG35xPHZ51,56.435803737,Fix,57.1052933,tw,a2,perse
tw_a2,PHG39xPHG47,57.1391948275,Fix,57.1052933,tw,a2,perse
tw_a2,PHG39xPHG84,58.84608093,Fix,57.1052933,tw,a2,perse
tw_a2,PHG39xPHJ40,59.03040829,Fix,57.1052933,tw,a2,perse
tw_a2,PHG39xPHZ51,58.12309506,Fix,57.1052933,tw,a2,perse
tw_a2,PHG47xPHG84,56.478587057,Fix,57.1052933,tw,a2,perse
tw_a2,PHG47xPHJ40,56.676208045,Fix,57.1052933,tw,a2,perse
tw_a2,PHG47xPHZ51,55.77374175,Fix,57.1052933,tw,a2,perse
tw_a2,PHG84xPHJ40,58.40530851,Fix,57.1052933,tw,a2,perse
tw_a2,PHG84xPHZ51,57.487798717,Fix,57.1052933,tw,a2,perse
tw_a2,PHJ40xPHZ51,57.683086958,Fix,57.1052933,tw,a2,perse
tw_d2,B73xLH1,57.230050153,Fix,57.1044197,tw,d2,perse
tw_d2,B73xLH123HT,57.230050153,Fix,57.1044197,tw,d2,perse
tw_d2,B73xLH82,57.230050153,Fix,57.1044197,tw,d2,perse
tw_d2,B73xMO17,57.230050153,Fix,57.1044197,tw,d2,perse
tw_d2,B73xPH207,57.230050153,Fix,57.1044197,tw,d2,perse
tw_d2,B73xPHG35,57.230050153,Fix,57.1044197,tw,d2,perse
tw_d2,B73xPHG39,57.230050153,Fix,57.1044197,tw,d2,perse
tw_d2,B73xPHG47,57.230050153,Fix,57.1044197,tw,d2,perse
tw_d2,B73xPHG84,57.230050153,Fix,57.1044197,tw,d2,perse
tw_d2,B73xPHJ40,57.230050153,Fix,57.1044197,tw,d2,perse
tw_d2,B73xPHZ51,57.230050153,Fix,57.1044197,tw,d2,perse
tw_d2,LH1xLH123HT,57.629542641,Fix,57.1044197,tw,d2,perse
tw_d2,LH1xLH82,57.625531606,Fix,57.1044197,tw,d2,perse
tw_d2,LH1xMO17,57.510230473,Fix,57.1044197,tw,d2,perse
tw_d2,LH1xPH207,57.394441865,Fix,57.1044197,tw,d2,perse
tw_d2,LH1xPHG35,57.423795632,Fix,57.1044197,tw,d2,perse
tw_d2,LH1xPHG39,57.936778954,Fix,57.1044197,tw,d2,perse
tw_d2,LH1xPHG47,57.1464641757,Fix,57.1044197,tw,d2,perse
tw_d2,LH1xPHG84,57.780727736,Fix,57.1044197,tw,d2,perse
tw_d2,LH1xPHJ40,57.833424322,Fix,57.1044197,tw,d2,perse
tw_d2,LH1xPHZ51,57.664062075,Fix,57.1044197,tw,d2,perse
tw_d2,LH123HTxLH82,56.957580469,Fix,57.1044197,tw,d2,perse
tw_d2,LH123HTxMO17,56.510243348,Fix,57.1044197,tw,d2,perse
tw_d2,LH123HTxPH207,56.237885646,Fix,57.1044197,tw,d2,perse
tw_d2,LH123HTxPHG35,56.270077578,Fix,57.1044197,tw,d2,perse
tw_d2,LH123HTxPHG39,57.936729542,Fix,57.1044197,tw,d2,perse
tw_d2,LH123HTxPHG47,56.24118375,Fix,57.1044197,tw,d2,perse
tw_d2,LH123HTxPHG84,57.411052874,Fix,57.1044197,tw,d2,perse
tw_d2,LH123HTxPHJ40,57.690733425,Fix,57.1044197,tw,d2,perse
tw_d2,LH123HTxPHZ51,56.598301581,Fix,57.1044197,tw,d2,perse
tw_d2,LH82xMO17,56.719356588,Fix,57.1044197,tw,d2,perse
tw_d2,LH82xPH207,56.536546937,Fix,57.1044197,tw,d2,perse
tw_d2,LH82xPHG35,56.647381417,Fix,57.1044197,tw,d2,perse
tw_d2,LH82xPHG39,57.878083936,Fix,57.1044197,tw,d2,perse
tw_d2,LH82xPHG47,56.423386446,Fix,57.1044197,tw,d2,perse
tw_d2,LH82xPHG84,57.422676197,Fix,57.1044197,tw,d2,perse
tw_d2,LH82xPHJ40,57.522850922,Fix,57.1044197,tw,d2,perse
tw_d2,LH82xPHZ51,56.863094336,Fix,57.1044197,tw,d2,perse
tw_d2,MO17xPH207,56.117191783,Fix,57.1044197,tw,d2,perse
tw_d2,MO17xPHG35,56.132830671,Fix,57.1044197,tw,d2,perse
tw_d2,MO17xPHG39,57.795121542,Fix,57.1044197,tw,d2,perse
tw_d2,MO17xPHG47,55.94957756,Fix,57.1044197,tw,d2,perse
tw_d2,MO17xPHG84,57.26290243,Fix,57.1044197,tw,d2,perse
tw_d2,MO17xPHJ40,57.396769635,Fix,57.1044197,tw,d2,perse
tw_d2,MO17xPHZ51,56.4050064,Fix,57.1044197,tw,d2,perse
tw_d2,PH207xPHG35,56.0124011,Fix,57.1044197,tw,d2,perse
tw_d2,PH207xPHG39,57.608125321,Fix,57.1044197,tw,d2,perse
tw_d2,PH207xPHG47,55.83716225,Fix,57.1044197,tw,d2,perse
tw_d2,PH207xPHG84,57.1585180602,Fix,57.1044197,tw,d2,perse
tw_d2,PH207xPHJ40,57.1854261077,Fix,57.1044197,tw,d2,perse
tw_d2,PH207xPHZ51,56.275526754,Fix,57.1044197,tw,d2,perse
tw_d2,PHG35xPHG39,57.654807261,Fix,57.1044197,tw,d2,perse
tw_d2,PHG35xPHG47,55.95736622,Fix,57.1044197,tw,d2,perse
tw_d2,PHG35xPHG84,57.1562544844,Fix,57.1044197,tw,d2,perse
tw_d2,PHG35xPHJ40,57.33969318,Fix,57.1044197,tw,d2,perse
tw_d2,PHG35xPHZ51,56.221062056,Fix,57.1044197,tw,d2,perse
tw_d2,PHG39xPHG47,57.450884274,Fix,57.1044197,tw,d2,perse
tw_d2,PHG39xPHG84,57.953432611,Fix,57.1044197,tw,d2,perse
tw_d2,PHG39xPHJ40,58.070591322,Fix,57.1044197,tw,d2,perse
tw_d2,PHG39xPHZ51,57.8317089,Fix,57.1044197,tw,d2,perse
tw_d2,PHG47xPHG84,56.760645202,Fix,57.1044197,tw,d2,perse
tw_d2,PHG47xPHJ40,57.0327306531,Fix,57.1044197,tw,d2,perse
tw_d2,PHG47xPHZ51,56.06769501,Fix,57.1044197,tw,d2,perse
tw_d2,PHG84xPHJ40,57.814528457,Fix,57.1044197,tw,d2,perse
tw_d2,PHG84xPHZ51,57.457034401,Fix,57.1044197,tw,d2,perse
tw_d2,PHJ40xPHZ51,57.64393895,Fix,57.1044197,tw,d2,perse
tw_h2,B73xLH1,58.061606251,Fix,57.1046867,tw,h2,perse
tw_h2,B73xLH123HT,57.235378303,Fix,57.1046867,tw,h2,perse
tw_h2,B73xLH82,56.895028614,Fix,57.1046867,tw,h2,perse
tw_h2,B73xMO17,56.171672546,Fix,57.1046867,tw,h2,perse
tw_h2,B73xPH207,56.746576391,Fix,57.1046867,tw,h2,perse
tw_h2,B73xPHG35,57.359625124,Fix,57.1046867,tw,h2,perse
tw_h2,B73xPHG39,58.31851693,Fix,57.1046867,tw,h2,perse
tw_h2,B73xPHG47,55.79149529,Fix,57.1046867,tw,h2,perse
tw_h2,B73xPHG84,57.823158704,Fix,57.1046867,tw,h2,perse
tw_h2,B73xPHJ40,57.209546991,Fix,57.1046867,tw,h2,perse
tw_h2,B73xPHZ51,56.937442459,Fix,57.1046867,tw,h2,perse
tw_h2,LH1xLH123HT,57.526360206,Fix,57.1046867,tw,h2,perse
tw_h2,LH1xLH82,57.714195453,Fix,57.1046867,tw,h2,perse
tw_h2,LH1xMO17,57.679850839,Fix,57.1046867,tw,h2,perse
tw_h2,LH1xPH207,57.403299086,Fix,57.1046867,tw,h2,perse
tw_h2,LH1xPHG35,57.303382568,Fix,57.1046867,tw,h2,perse
tw_h2,LH1xPHG39,58.16884812,Fix,57.1046867,tw,h2,perse
tw_h2,LH1xPHG47,56.684580289,Fix,57.1046867,tw,h2,perse
tw_h2,LH1xPHG84,58.1421866,Fix,57.1046867,tw,h2,perse
tw_h2,LH1xPHJ40,57.937515401,Fix,57.1046867,tw,h2,perse
tw_h2,LH1xPHZ51,57.652670525,Fix,57.1046867,tw,h2,perse
tw_h2,LH123HTxLH82,57.315184735,Fix,57.1046867,tw,h2,perse
tw_h2,LH123HTxMO17,56.663606607,Fix,57.1046867,tw,h2,perse
tw_h2,LH123HTxPH207,55.93965479,Fix,57.1046867,tw,h2,perse
tw_h2,LH123HTxPHG35,55.87893792,Fix,57.1046867,tw,h2,perse
tw_h2,LH123HTxPHG39,58.21667954,Fix,57.1046867,tw,h2,perse
tw_h2,LH123HTxPHG47,56.551567219,Fix,57.1046867,tw,h2,perse
tw_h2,LH123HTxPHG84,57.1956481563,Fix,57.1046867,tw,h2,perse
tw_h2,LH123HTxPHJ40,58.38100608,Fix,57.1046867,tw,h2,perse
tw_h2,LH123HTxPHZ51,56.731224023,Fix,57.1046867,tw,h2,perse
tw_h2,LH82xMO17,56.79787197,Fix,57.1046867,tw,h2,perse
tw_h2,LH82xPH207,56.301398181,Fix,57.1046867,tw,h2,perse
tw_h2,LH82xPHG35,56.961718701,Fix,57.1046867,tw,h2,perse
tw_h2,LH82xPHG39,58.35713681,Fix,57.1046867,tw,h2,perse
tw_h2,LH82xPHG47,56.353667282,Fix,57.1046867,tw,h2,perse
tw_h2,LH82xPHG84,57.428144299,Fix,57.1046867,tw,h2,perse
tw_h2,LH82xPHJ40,57.557610266,Fix,57.1046867,tw,h2,perse
tw_h2,LH82xPHZ51,56.937483259,Fix,57.1046867,tw,h2,perse
tw_h2,MO17xPH207,55.69528099,Fix,57.1046867,tw,h2,perse
tw_h2,MO17xPHG35,55.84717985,Fix,57.1046867,tw,h2,perse
tw_h2,MO17xPHG39,57.967299842,Fix,57.1046867,tw,h2,perse
tw_h2,MO17xPHG47,55.26059385,Fix,57.1046867,tw,h2,perse
tw_h2,MO17xPHG84,57.236237087,Fix,57.1046867,tw,h2,perse
tw_h2,MO17xPHJ40,57.1666810291,Fix,57.1046867,tw,h2,perse
tw_h2,MO17xPHZ51,56.332057856,Fix,57.1046867,tw,h2,perse
tw_h2,PH207xPHG35,55.6936781,Fix,57.1046867,tw,h2,perse
tw_h2,PH207xPHG39,57.805906855,Fix,57.1046867,tw,h2,perse
tw_h2,PH207xPHG47,54.94822212,Fix,57.1046867,tw,h2,perse
tw_h2,PH207xPHG84,57.480164193,Fix,57.1046867,tw,h2,perse
tw_h2,PH207xPHJ40,57.1089040788,Fix,57.1046867,tw,h2,perse
tw_h2,PH207xPHZ51,56.222669326,Fix,57.1046867,tw,h2,perse
tw_h2,PHG35xPHG39,57.621560954,Fix,57.1046867,tw,h2,perse
tw_h2,PHG35xPHG47,55.45919629,Fix,57.1046867,tw,h2,perse
tw_h2,PHG35xPHG84,57.437479757,Fix,57.1046867,tw,h2,perse
tw_h2,PHG35xPHJ40,57.885190152,Fix,57.1046867,tw,h2,perse
tw_h2,PHG35xPHZ51,56.04666432,Fix,57.1046867,tw,h2,perse
tw_h2,PHG39xPHG47,57.549982511,Fix,57.1046867,tw,h2,perse
tw_h2,PHG39xPHG84,58.41124209,Fix,57.1046867,tw,h2,perse
tw_h2,PHG39xPHJ40,58.6977404,Fix,57.1046867,tw,h2,perse
tw_h2,PHG39xPHZ51,57.791011654,Fix,57.1046867,tw,h2,perse
tw_h2,PHG47xPHG84,56.172464572,Fix,57.1046867,tw,h2,perse
tw_h2,PHG47xPHJ40,56.891305529,Fix,57.1046867,tw,h2,perse
tw_h2,PHG47xPHZ51,55.79251977,Fix,57.1046867,tw,h2,perse
tw_h2,PHG84xPHJ40,58.62815746,Fix,57.1046867,tw,h2,perse
tw_h2,PHG84xPHZ51,57.420099937,Fix,57.1046867,tw,h2,perse
tw_h2,PHJ40xPHZ51,58.008368395,Fix,57.1046867,tw,h2,perse
