file,R2,r,trait,cs,mode,cv,sp
asi_real_a1_cv1_sp10.ghatREL1,0.604838495092225,0.777713633088829,asi,real,a1,cv1,sp10.ghatREL1
asi_real_a1_cv1_sp1.ghatREL2,0.61509626328641,0.784280729896132,asi,real,a1,cv1,sp1.ghatREL2
asi_real_a1_cv1_sp2.ghatREL1,0.363197818057941,0.602658956672794,asi,real,a1,cv1,sp2.ghatREL1
asi_real_a1_cv1_sp3.ghatREL1,0.121982046467238,0.349259282578485,asi,real,a1,cv1,sp3.ghatREL1
asi_real_a1_cv1_sp4.ghatREL1,0.210898774036608,0.459237165347719,asi,real,a1,cv1,sp4.ghatREL1
asi_real_a1_cv1_sp5.ghatREL1,0.469070020333879,0.684886866813694,asi,real,a1,cv1,sp5.ghatREL1
asi_real_a1_cv1_sp6.ghatREL1,0.653228808023388,0.808225716012172,asi,real,a1,cv1,sp6.ghatREL1
asi_real_a1_cv1_sp7.ghatREL1,0.357962071614694,0.598299316074065,asi,real,a1,cv1,sp7.ghatREL1
asi_real_a1_cv1_sp8.ghatREL1,0.625414756731224,0.790831686726843,asi,real,a1,cv1,sp8.ghatREL1
asi_real_a1_cv1_sp9.ghatREL1,0.498237207028374,0.705859197735904,asi,real,a1,cv1,sp9.ghatREL1
asi_real_a1_cv2_sp10.ghatREL1,0.421187418629438,0.648989536610135,asi,real,a1,cv2,sp10.ghatREL1
asi_real_a1_cv2_sp1.ghatREL1,0.386914006535348,0.622024120541437,asi,real,a1,cv2,sp1.ghatREL1
asi_real_a1_cv2_sp2.ghatREL1,0.685341462611947,0.827853527269134,asi,real,a1,cv2,sp2.ghatREL1
asi_real_a1_cv2_sp3.ghatREL1,0.775244585796537,0.880479747522075,asi,real,a1,cv2,sp3.ghatREL1
asi_real_a1_cv2_sp4.ghatREL1,0.49282500484471,0.702014960556191,asi,real,a1,cv2,sp4.ghatREL1
asi_real_a1_cv2_sp5.ghatREL1,0.72198907931503,0.849699405269317,asi,real,a1,cv2,sp5.ghatREL1
asi_real_a1_cv2_sp6.ghatREL1,0.416523111183642,0.645386017189435,asi,real,a1,cv2,sp6.ghatREL1
asi_real_a1_cv2_sp7.ghatREL1,0.258863704806432,0.508786502185771,asi,real,a1,cv2,sp7.ghatREL1
asi_real_a1_cv2_sp8.ghatREL1,0.60364387452387,0.776945219770268,asi,real,a1,cv2,sp8.ghatREL1
asi_real_a1_cv2_sp9.ghatREL1,0.487087392806492,0.697916465493179,asi,real,a1,cv2,sp9.ghatREL1
asi_real_a1_cv3_sp10.ghatREL1,0.42915166010303,0.655096679966423,asi,real,a1,cv3,sp10.ghatREL1
asi_real_a1_cv3_sp1.ghatREL1,0.403632557713223,0.635320830536213,asi,real,a1,cv3,sp1.ghatREL1
asi_real_a1_cv3_sp2.ghatREL1,0.653766161297549,0.808558075401853,asi,real,a1,cv3,sp2.ghatREL1
asi_real_a1_cv3_sp3.ghatREL1,0.0858091771600916,0.292932035052658,asi,real,a1,cv3,sp3.ghatREL1
asi_real_a1_cv3_sp4.ghatREL1,0.249693512457668,0.49969341846543,asi,real,a1,cv3,sp4.ghatREL1
asi_real_a1_cv3_sp5.ghatREL1,0.405415340359991,0.63672234165293,asi,real,a1,cv3,sp5.ghatREL1
asi_real_a1_cv3_sp6.ghatREL1,0.610905100798515,0.781604184225312,asi,real,a1,cv3,sp6.ghatREL1
asi_real_a1_cv3_sp7.ghatREL1,0.680583306747029,0.824974730974852,asi,real,a1,cv3,sp7.ghatREL1
asi_real_a1_cv3_sp8.ghatREL1,0.0866462451502505,0.294357342613108,asi,real,a1,cv3,sp8.ghatREL1
asi_real_a1_cv3_sp9.ghatREL1,0.783250801600836,0.885014577055563,asi,real,a1,cv3,sp9.ghatREL1
asi_real_a1_cv4_sp10.ghatREL1,0.65904445871534,0.811815532442771,asi,real,a1,cv4,sp10.ghatREL1
asi_real_a1_cv4_sp1.ghatREL1,0.704749728845034,0.839493733654417,asi,real,a1,cv4,sp1.ghatREL1
asi_real_a1_cv4_sp2.ghatREL1,0.210507606131581,0.458811078911114,asi,real,a1,cv4,sp2.ghatREL1
asi_real_a1_cv4_sp3.ghatREL1,0.239270763369417,0.489153108310084,asi,real,a1,cv4,sp3.ghatREL1
asi_real_a1_cv4_sp4.ghatREL1,0.582145135706229,0.762984361377236,asi,real,a1,cv4,sp4.ghatREL1
asi_real_a1_cv4_sp5.ghatREL1,0.612357577443063,0.782532796400933,asi,real,a1,cv4,sp5.ghatREL1
asi_real_a1_cv4_sp6.ghatREL1,0.590096592414091,0.768177448519606,asi,real,a1,cv4,sp6.ghatREL1
asi_real_a1_cv4_sp7.ghatREL1,0.643272857141694,0.802042927243732,asi,real,a1,cv4,sp7.ghatREL1
asi_real_a1_cv4_sp8.ghatREL1,0.237034208839673,0.486861591049934,asi,real,a1,cv4,sp8.ghatREL1
asi_real_a1_cv4_sp9.ghatREL1,0.44133154383795,0.664327888800365,asi,real,a1,cv4,sp9.ghatREL1
asi_real_a1_cv5_sp10.ghatREL1,0.301394293795726,0.54899389231186,asi,real,a1,cv5,sp10.ghatREL1
asi_real_a1_cv5_sp1.ghatREL1,0.415196311656097,0.644357285716625,asi,real,a1,cv5,sp1.ghatREL1
asi_real_a1_cv5_sp2.ghatREL1,0.811416841500717,0.900786790256561,asi,real,a1,cv5,sp2.ghatREL1
asi_real_a1_cv5_sp3.ghatREL1,0.695270974078288,0.833829103640721,asi,real,a1,cv5,sp3.ghatREL1
asi_real_a1_cv5_sp4.ghatREL1,0.683511436094302,0.826747504437904,asi,real,a1,cv5,sp4.ghatREL1
asi_real_a1_cv5_sp5.ghatREL1,0.41040307855224,0.640627097890996,asi,real,a1,cv5,sp5.ghatREL1
asi_real_a1_cv5_sp6.ghatREL1,0.379279131774914,0.615856421396184,asi,real,a1,cv5,sp6.ghatREL1
asi_real_a1_cv5_sp7.ghatREL1,0.549013100165521,0.74095418223094,asi,real,a1,cv5,sp7.ghatREL1
asi_real_a1_cv5_sp8.ghatREL1,0.417509241919341,0.646149550738326,asi,real,a1,cv5,sp8.ghatREL1
asi_real_a1_cv5_sp9.ghatREL1,0.215895723670943,0.464645804533887,asi,real,a1,cv5,sp9.ghatREL1
asi_real_a2_cv1_sp10.ghatREL1,0.365030167253744,0.604177264760719,asi,real,a2,cv1,sp10.ghatREL1
asi_real_a2_cv1_sp1.ghatREL1,0.560353532474121,0.748567653905858,asi,real,a2,cv1,sp1.ghatREL1
asi_real_a2_cv1_sp2.ghatREL1,0.242732326894975,0.492678725839644,asi,real,a2,cv1,sp2.ghatREL1
asi_real_a2_cv1_sp3.ghatREL1,0.152406859823849,0.390393211805545,asi,real,a2,cv1,sp3.ghatREL1
asi_real_a2_cv1_sp4.ghatREL1,0.303514412831821,0.55092142164906,asi,real,a2,cv1,sp4.ghatREL1
asi_real_a2_cv1_sp5.ghatREL1,0.469144700791239,0.684941384931032,asi,real,a2,cv1,sp5.ghatREL1
asi_real_a2_cv1_sp6.ghatREL1,0.690771931972052,0.831126904853917,asi,real,a2,cv1,sp6.ghatREL1
asi_real_a2_cv1_sp7.ghatREL1,0.202823520764874,0.450359324056774,asi,real,a2,cv1,sp7.ghatREL1
asi_real_a2_cv1_sp8.ghatREL1,0.334017368281106,0.577942357230464,asi,real,a2,cv1,sp8.ghatREL1
asi_real_a2_cv1_sp9.ghatREL1,0.407302128215457,0.63820226277839,asi,real,a2,cv1,sp9.ghatREL1
asi_real_a2_cv2_sp10.ghatREL1,0.279649359672435,0.528818834453194,asi,real,a2,cv2,sp10.ghatREL1
asi_real_a2_cv2_sp1.ghatREL1,0.233948044265247,0.483681759285222,asi,real,a2,cv2,sp1.ghatREL1
asi_real_a2_cv2_sp2.ghatREL1,0.525898702533185,0.725188735801367,asi,real,a2,cv2,sp2.ghatREL1
asi_real_a2_cv2_sp3.ghatREL1,0.813493570755561,0.901938784372621,asi,real,a2,cv2,sp3.ghatREL1
asi_real_a2_cv2_sp4.ghatREL1,0.348741559656005,0.590543444342586,asi,real,a2,cv2,sp4.ghatREL1
asi_real_a2_cv2_sp5.ghatREL1,0.462446291159973,0.680034036765788,asi,real,a2,cv2,sp5.ghatREL1
asi_real_a2_cv2_sp6.ghatREL1,0.411389677339845,0.64139666146609,asi,real,a2,cv2,sp6.ghatREL1
asi_real_a2_cv2_sp7.ghatREL1,0.285179318580527,0.53402183343055,asi,real,a2,cv2,sp7.ghatREL1
asi_real_a2_cv2_sp8.ghatREL1,0.489717934030854,0.699798495304794,asi,real,a2,cv2,sp8.ghatREL1
asi_real_a2_cv2_sp9.ghatREL1,0.477941517318365,0.691333144958612,asi,real,a2,cv2,sp9.ghatREL1
asi_real_a2_cv3_sp10.ghatREL1,0.289665171169582,0.538205510162783,asi,real,a2,cv3,sp10.ghatREL1
asi_real_a2_cv3_sp1.ghatREL1,0.379579294863001,0.616100068871121,asi,real,a2,cv3,sp1.ghatREL1
asi_real_a2_cv3_sp2.ghatREL1,0.275457175193155,0.524840142513085,asi,real,a2,cv3,sp2.ghatREL1
asi_real_a2_cv3_sp3.ghatREL1,0.130478368529019,0.361217896191508,asi,real,a2,cv3,sp3.ghatREL1
asi_real_a2_cv3_sp4.ghatREL1,0.189129563907186,0.43489028950666,asi,real,a2,cv3,sp4.ghatREL1
asi_real_a2_cv3_sp5.ghatREL1,0.191175469486581,0.437236171292564,asi,real,a2,cv3,sp5.ghatREL1
asi_real_a2_cv3_sp6.ghatREL1,0.595660872199261,0.771790691962051,asi,real,a2,cv3,sp6.ghatREL1
asi_real_a2_cv3_sp7.ghatREL1,0.516799153185619,0.718887441249059,asi,real,a2,cv3,sp7.ghatREL1
asi_real_a2_cv3_sp8.ghatREL1,0.0876305114553372,0.296024511578581,asi,real,a2,cv3,sp8.ghatREL1
asi_real_a2_cv3_sp9.ghatREL1,0.857404411624352,0.925961344562694,asi,real,a2,cv3,sp9.ghatREL1
asi_real_a2_cv4_sp10.ghatREL1,0.666959862015474,0.816676105941318,asi,real,a2,cv4,sp10.ghatREL1
asi_real_a2_cv4_sp1.ghatREL1,0.66005421399442,0.81243720618545,asi,real,a2,cv4,sp1.ghatREL1
asi_real_a2_cv4_sp2.ghatREL1,0.169758314752273,0.412017371905934,asi,real,a2,cv4,sp2.ghatREL1
asi_real_a2_cv4_sp3.ghatREL1,0.248883552455752,0.498882303209637,asi,real,a2,cv4,sp3.ghatREL1
asi_real_a2_cv4_sp4.ghatREL1,0.669369667300011,0.818150149605811,asi,real,a2,cv4,sp4.ghatREL1
asi_real_a2_cv4_sp5.ghatREL1,0.328997865213216,0.573583355069876,asi,real,a2,cv4,sp5.ghatREL1
asi_real_a2_cv4_sp6.ghatREL1,0.33969229380809,0.582831273876145,asi,real,a2,cv4,sp6.ghatREL1
asi_real_a2_cv4_sp7.ghatREL1,0.554034997720134,0.744335272387473,asi,real,a2,cv4,sp7.ghatREL1
asi_real_a2_cv4_sp8.ghatREL1,0.285211330976213,0.53405180551723,asi,real,a2,cv4,sp8.ghatREL1
asi_real_a2_cv4_sp9.ghatREL1,0.495559067760648,0.703959564009644,asi,real,a2,cv4,sp9.ghatREL1
asi_real_a2_cv5_sp10.ghatREL1,0.278621675252354,0.527846261000639,asi,real,a2,cv5,sp10.ghatREL1
asi_real_a2_cv5_sp1.ghatREL1,0.279039349565833,0.528241752955816,asi,real,a2,cv5,sp1.ghatREL1
asi_real_a2_cv5_sp2.ghatREL1,0.773184308437297,0.879308994857495,asi,real,a2,cv5,sp2.ghatREL1
asi_real_a2_cv5_sp3.ghatREL1,0.566726104947888,0.752812131243837,asi,real,a2,cv5,sp3.ghatREL1
asi_real_a2_cv5_sp4.ghatREL1,0.462371226532028,0.679978842709116,asi,real,a2,cv5,sp4.ghatREL1
asi_real_a2_cv5_sp5.ghatREL1,0.374111159768301,0.611646270133564,asi,real,a2,cv5,sp5.ghatREL1
asi_real_a2_cv5_sp6.ghatREL1,0.335509353542761,0.579231692453686,asi,real,a2,cv5,sp6.ghatREL1
asi_real_a2_cv5_sp7.ghatREL1,0.0958553220886672,0.309605106690228,asi,real,a2,cv5,sp7.ghatREL1
asi_real_a2_cv5_sp8.ghatREL1,0.499814042793596,0.706975277356709,asi,real,a2,cv5,sp8.ghatREL1
asi_real_a2_cv5_sp9.ghatREL1,0.145415254946004,0.381333521927989,asi,real,a2,cv5,sp9.ghatREL1
asi_real_d1_cv1_sp10.ghatREL1,0.468639102582412,0.684572204067922,asi,real,d1,cv1,sp10.ghatREL1
asi_real_d1_cv1_sp1.ghatREL1,0.452465738009202,0.672655735134401,asi,real,d1,cv1,sp1.ghatREL1
asi_real_d1_cv1_sp2.ghatREL1,0.548368469643244,0.74051905420674,asi,real,d1,cv1,sp2.ghatREL1
asi_real_d1_cv1_sp3.ghatREL1,0.0639734248380267,0.252929683584246,asi,real,d1,cv1,sp3.ghatREL1
asi_real_d1_cv1_sp4.ghatREL1,0.0843177804258023,0.290375240724484,asi,real,d1,cv1,sp4.ghatREL1
asi_real_d1_cv1_sp5.ghatREL1,0.481189690508829,0.693678376849696,asi,real,d1,cv1,sp5.ghatREL1
asi_real_d1_cv1_sp6.ghatREL1,0.529459032946611,0.727639356375541,asi,real,d1,cv1,sp6.ghatREL1
asi_real_d1_cv1_sp7.ghatREL1,0.372035199439307,0.609946882473636,asi,real,d1,cv1,sp7.ghatREL1
asi_real_d1_cv1_sp8.ghatREL1,0.556109443709692,0.745727459404367,asi,real,d1,cv1,sp8.ghatREL1
asi_real_d1_cv1_sp9.ghatREL1,0.476052918527243,0.689965882147258,asi,real,d1,cv1,sp9.ghatREL1
asi_real_d1_cv2_sp10.ghatREL1,0.599304906495461,0.774147858290302,asi,real,d1,cv2,sp10.ghatREL1
asi_real_d1_cv2_sp1.ghatREL1,0.288635055581591,0.537247666892646,asi,real,d1,cv2,sp1.ghatREL1
asi_real_d1_cv2_sp2.ghatREL1,0.518370077481766,0.719979220173586,asi,real,d1,cv2,sp2.ghatREL1
asi_real_d1_cv2_sp3.ghatREL1,0.825654305136255,0.908655217965678,asi,real,d1,cv2,sp3.ghatREL1
asi_real_d1_cv2_sp4.ghatREL1,0.42395086671492,0.65111509482957,asi,real,d1,cv2,sp4.ghatREL1
asi_real_d1_cv2_sp5.ghatREL1,0.530416843635277,0.728297222042812,asi,real,d1,cv2,sp5.ghatREL1
asi_real_d1_cv2_sp6.ghatREL1,0.47899087181175,0.692091664313153,asi,real,d1,cv2,sp6.ghatREL1
asi_real_d1_cv2_sp7.ghatREL1,0.236752939389562,0.486572645541817,asi,real,d1,cv2,sp7.ghatREL1
asi_real_d1_cv2_sp8.ghatREL1,0.573868763282971,0.757541261769266,asi,real,d1,cv2,sp8.ghatREL1
asi_real_d1_cv2_sp9.ghatREL1,0.271489457745161,0.52104650247858,asi,real,d1,cv2,sp9.ghatREL1
asi_real_d1_cv3_sp10.ghatREL1,0.345082919454814,0.58743758771023,asi,real,d1,cv3,sp10.ghatREL1
asi_real_d1_cv3_sp1.ghatREL1,0.418091321532674,0.64659981559901,asi,real,d1,cv3,sp1.ghatREL1
asi_real_d1_cv3_sp2.ghatREL1,0.783428414056138,0.885114915734752,asi,real,d1,cv3,sp2.ghatREL1
asi_real_d1_cv3_sp3.ghatREL1,0.119794020707636,0.346112728323642,asi,real,d1,cv3,sp3.ghatREL1
asi_real_d1_cv3_sp4.ghatREL1,0.258924713414055,0.508846453671493,asi,real,d1,cv3,sp4.ghatREL1
asi_real_d1_cv3_sp5.ghatREL1,0.415228736650077,0.64438244595122,asi,real,d1,cv3,sp5.ghatREL1
asi_real_d1_cv3_sp6.ghatREL1,0.42623629483196,0.652867746815509,asi,real,d1,cv3,sp6.ghatREL1
asi_real_d1_cv3_sp7.ghatREL1,0.614632187281068,0.783984813169916,asi,real,d1,cv3,sp7.ghatREL1
asi_real_d1_cv3_sp8.ghatREL1,0.0206110929379247,0.143565639823478,asi,real,d1,cv3,sp8.ghatREL1
asi_real_d1_cv3_sp9.ghatREL1,0.573361983554561,0.757206698038627,asi,real,d1,cv3,sp9.ghatREL1
asi_real_d1_cv4_sp10.ghatREL1,0.585416538861306,0.765125178556624,asi,real,d1,cv4,sp10.ghatREL1
asi_real_d1_cv4_sp1.ghatREL1,0.602890425430981,0.776460189211901,asi,real,d1,cv4,sp1.ghatREL1
asi_real_d1_cv4_sp2.ghatREL1,0.0908397297794643,0.301396300208653,asi,real,d1,cv4,sp2.ghatREL1
asi_real_d1_cv4_sp3.ghatREL1,0.171753353931795,0.414431362147938,asi,real,d1,cv4,sp3.ghatREL1
asi_real_d1_cv4_sp4.ghatREL1,0.686448492092487,0.828521871825051,asi,real,d1,cv4,sp4.ghatREL1
asi_real_d1_cv4_sp5.ghatREL1,0.442925059763523,0.665526152576683,asi,real,d1,cv4,sp5.ghatREL1
asi_real_d1_cv4_sp6.ghatREL1,0.459680963453921,0.677997760655536,asi,real,d1,cv4,sp6.ghatREL1
asi_real_d1_cv4_sp7.ghatREL1,0.439468610382186,0.662924287066167,asi,real,d1,cv4,sp7.ghatREL1
asi_real_d1_cv4_sp8.ghatREL1,0.151478164979205,0.389201959115322,asi,real,d1,cv4,sp8.ghatREL1
asi_real_d1_cv4_sp9.ghatREL1,0.520661619700707,0.721568859985453,asi,real,d1,cv4,sp9.ghatREL1
asi_real_d1_cv5_sp10.ghatREL1,0.204726025796157,0.45246660185715,asi,real,d1,cv5,sp10.ghatREL1
asi_real_d1_cv5_sp1.ghatREL1,0.328386531486701,0.573050199796407,asi,real,d1,cv5,sp1.ghatREL1
asi_real_d1_cv5_sp2.ghatREL1,0.671299535878854,0.819328710517857,asi,real,d1,cv5,sp2.ghatREL1
asi_real_d1_cv5_sp3.ghatREL1,0.735964057525428,0.857883475493862,asi,real,d1,cv5,sp3.ghatREL1
asi_real_d1_cv5_sp4.ghatREL1,0.524948997778301,0.724533641578016,asi,real,d1,cv5,sp4.ghatREL1
asi_real_d1_cv5_sp5.ghatREL1,0.33851146764125,0.581817383412742,asi,real,d1,cv5,sp5.ghatREL1
asi_real_d1_cv5_sp6.ghatREL1,0.151751214190551,0.389552582061204,asi,real,d1,cv5,sp6.ghatREL1
asi_real_d1_cv5_sp7.ghatREL1,0.54323185826014,0.737042643447542,asi,real,d1,cv5,sp7.ghatREL1
asi_real_d1_cv5_sp8.ghatREL1,0.252380254214518,0.502374615416143,asi,real,d1,cv5,sp8.ghatREL1
asi_real_d1_cv5_sp9.ghatREL1,0.166533598962229,0.408085283932451,asi,real,d1,cv5,sp9.ghatREL1
asi_real_d2_cv1_sp10.ghatREL1,0.323393874831455,0.568677302898098,asi,real,d2,cv1,sp10.ghatREL1
asi_real_d2_cv1_sp1.ghatREL1,0.551169866421492,0.742408153525735,asi,real,d2,cv1,sp1.ghatREL1
asi_real_d2_cv1_sp2.ghatREL1,0.426650405457031,0.653184817227889,asi,real,d2,cv1,sp2.ghatREL1
asi_real_d2_cv1_sp3.ghatREL1,0.0740280456753328,0.272080954267903,asi,real,d2,cv1,sp3.ghatREL1
asi_real_d2_cv1_sp4.ghatREL1,0.0881759404195724,0.296944338924945,asi,real,d2,cv1,sp4.ghatREL1
asi_real_d2_cv1_sp5.ghatREL1,0.484864073332925,0.696321817360999,asi,real,d2,cv1,sp5.ghatREL1
asi_real_d2_cv1_sp6.ghatREL1,0.554207492941286,0.744451135361674,asi,real,d2,cv1,sp6.ghatREL1
asi_real_d2_cv1_sp7.ghatREL1,0.392122280756683,0.626196678972895,asi,real,d2,cv1,sp7.ghatREL1
asi_real_d2_cv1_sp8.ghatREL1,0.347105340383508,0.589156465112204,asi,real,d2,cv1,sp8.ghatREL1
asi_real_d2_cv1_sp9.ghatREL1,0.469381738737103,0.68511439828477,asi,real,d2,cv1,sp9.ghatREL1
asi_real_d2_cv2_sp10.ghatREL1,0.282655370489147,0.531653430807276,asi,real,d2,cv2,sp10.ghatREL1
asi_real_d2_cv2_sp1.ghatREL1,0.216059516422778,0.464822026611022,asi,real,d2,cv2,sp1.ghatREL1
asi_real_d2_cv2_sp2.ghatREL1,0.235142044090512,0.484914470902356,asi,real,d2,cv2,sp2.ghatREL1
asi_real_d2_cv2_sp3.ghatREL1,0.625886244930426,0.791129726991994,asi,real,d2,cv2,sp3.ghatREL1
asi_real_d2_cv2_sp4.ghatREL1,0.442828987287304,0.665453970825409,asi,real,d2,cv2,sp4.ghatREL1
asi_real_d2_cv2_sp5.ghatREL1,0.454103442216117,0.673871977616014,asi,real,d2,cv2,sp5.ghatREL1
asi_real_d2_cv2_sp6.ghatREL1,0.492335771554008,0.701666424701944,asi,real,d2,cv2,sp6.ghatREL1
asi_real_d2_cv2_sp7.ghatREL1,0.249856448443099,0.499856427830131,asi,real,d2,cv2,sp7.ghatREL1
asi_real_d2_cv2_sp8.ghatREL1,0.513758802256162,0.716769699594062,asi,real,d2,cv2,sp8.ghatREL1
asi_real_d2_cv2_sp9.ghatREL1,0.293205617496836,0.541484641976886,asi,real,d2,cv2,sp9.ghatREL1
asi_real_d2_cv3_sp10.ghatREL1,0.320080761383272,0.565756804098078,asi,real,d2,cv3,sp10.ghatREL1
asi_real_d2_cv3_sp1.ghatREL1,0.26881949156959,0.518478053122395,asi,real,d2,cv3,sp1.ghatREL1
asi_real_d2_cv3_sp2.ghatREL1,0.490726540945886,0.700518765591534,asi,real,d2,cv3,sp2.ghatREL1
asi_real_d2_cv3_sp3.ghatREL1,0.0638004618044526,0.252587532955315,asi,real,d2,cv3,sp3.ghatREL1
asi_real_d2_cv3_sp4.ghatREL1,0.257377680320643,0.507324038776641,asi,real,d2,cv3,sp4.ghatREL1
asi_real_d2_cv3_sp5.ghatREL1,0.258093098702799,0.508028639648198,asi,real,d2,cv3,sp5.ghatREL1
asi_real_d2_cv3_sp6.ghatREL1,0.352258221373226,0.5935134550903,asi,real,d2,cv3,sp6.ghatREL1
asi_real_d2_cv3_sp7.ghatREL1,0.548655919430933,0.74071311547112,asi,real,d2,cv3,sp7.ghatREL1
asi_real_d2_cv3_sp8.ghatREL1,7.21152263698481e-05,0.00849206843883445,asi,real,d2,cv3,sp8.ghatREL1
asi_real_d2_cv3_sp9.ghatREL1,0.735033084650982,0.857340705117273,asi,real,d2,cv3,sp9.ghatREL1
asi_real_d2_cv4_sp10.ghatREL1,0.764765503443376,0.874508721193434,asi,real,d2,cv4,sp10.ghatREL1
asi_real_d2_cv4_sp1.ghatREL1,0.621862881851398,0.788582831319195,asi,real,d2,cv4,sp1.ghatREL1
asi_real_d2_cv4_sp2.ghatREL1,0.0425339713372294,0.206237657417915,asi,real,d2,cv4,sp2.ghatREL1
asi_real_d2_cv4_sp3.ghatREL1,0.119234201544735,0.345303057537484,asi,real,d2,cv4,sp3.ghatREL1
asi_real_d2_cv4_sp4.ghatREL1,0.660337008518159,0.812611228397786,asi,real,d2,cv4,sp4.ghatREL1
asi_real_d2_cv4_sp5.ghatREL1,0.19713175284046,0.443995217136919,asi,real,d2,cv4,sp5.ghatREL1
asi_real_d2_cv4_sp6.ghatREL1,0.29130906204121,0.539730545773732,asi,real,d2,cv4,sp6.ghatREL1
asi_real_d2_cv4_sp7.ghatREL1,0.535274645152409,0.731624661388891,asi,real,d2,cv4,sp7.ghatREL1
asi_real_d2_cv4_sp8.ghatREL1,0.000301835413261214,0.0173734111003342,asi,real,d2,cv4,sp8.ghatREL1
asi_real_d2_cv4_sp9.ghatREL1,0.459135450597652,0.677595344285697,asi,real,d2,cv4,sp9.ghatREL1
asi_real_d2_cv5_sp10.ghatREL1,0.196661033030218,0.443464804725492,asi,real,d2,cv5,sp10.ghatREL1
asi_real_d2_cv5_sp1.ghatREL1,0.341851761529009,0.584680905733212,asi,real,d2,cv5,sp1.ghatREL1
asi_real_d2_cv5_sp2.ghatREL1,0.642144874819086,0.801339425474053,asi,real,d2,cv5,sp2.ghatREL1
asi_real_d2_cv5_sp3.ghatREL1,0.76312152520243,0.873568271632178,asi,real,d2,cv5,sp3.ghatREL1
asi_real_d2_cv5_sp4.ghatREL1,0.617872155889828,0.786048443729665,asi,real,d2,cv5,sp4.ghatREL1
asi_real_d2_cv5_sp5.ghatREL1,0.337086381261687,0.580591406465585,asi,real,d2,cv5,sp5.ghatREL1
asi_real_d2_cv5_sp6.ghatREL1,0.099623765991569,0.315632327228326,asi,real,d2,cv5,sp6.ghatREL1
asi_real_d2_cv5_sp7.ghatREL1,0.281969613645809,0.531008110715654,asi,real,d2,cv5,sp7.ghatREL1
asi_real_d2_cv5_sp8.ghatREL1,0.155770798170963,0.394678094364209,asi,real,d2,cv5,sp8.ghatREL1
asi_real_d2_cv5_sp9.ghatREL1,0.137673405160764,0.371043670153209,asi,real,d2,cv5,sp9.ghatREL1
dtp_real_a1_cv1_sp10.ghatREL1,0.97656202036543,0.988211526124559,dtp,real,a1,cv1,sp10.ghatREL1
dtp_real_a1_cv1_sp1.ghatREL1,0.940930224841173,0.970015579689921,dtp,real,a1,cv1,sp1.ghatREL1
dtp_real_a1_cv1_sp2.ghatREL1,0.981097892023272,0.990503857651888,dtp,real,a1,cv1,sp2.ghatREL1
dtp_real_a1_cv1_sp3.ghatREL1,0.957720943463476,0.978632179863035,dtp,real,a1,cv1,sp3.ghatREL1
dtp_real_a1_cv1_sp4.ghatREL1,0.915762882263456,0.956955005349497,dtp,real,a1,cv1,sp4.ghatREL1
dtp_real_a1_cv1_sp5.ghatREL1,0.980540277843663,0.990222337580638,dtp,real,a1,cv1,sp5.ghatREL1
dtp_real_a1_cv1_sp6.ghatREL1,0.977516497926341,0.988694339989029,dtp,real,a1,cv1,sp6.ghatREL1
dtp_real_a1_cv1_sp7.ghatREL1,0.973181893700764,0.986499819412434,dtp,real,a1,cv1,sp7.ghatREL1
dtp_real_a1_cv1_sp8.ghatREL1,0.965292369637325,0.982492936176808,dtp,real,a1,cv1,sp8.ghatREL1
dtp_real_a1_cv1_sp9.ghatREL1,0.965383341991215,0.98253923178223,dtp,real,a1,cv1,sp9.ghatREL1
dtp_real_a1_cv2_sp10.ghatREL1,0.980417187721898,0.990160182860277,dtp,real,a1,cv2,sp10.ghatREL1
dtp_real_a1_cv2_sp1.ghatREL1,0.965496452535761,0.982596790415968,dtp,real,a1,cv2,sp1.ghatREL1
dtp_real_a1_cv2_sp2.ghatREL1,0.922854341249426,0.960653080591233,dtp,real,a1,cv2,sp2.ghatREL1
dtp_real_a1_cv2_sp3.ghatREL1,0.93434184002841,0.966613593960074,dtp,real,a1,cv2,sp3.ghatREL1
dtp_real_a1_cv2_sp4.ghatREL1,0.982339914521106,0.991130624348328,dtp,real,a1,cv2,sp4.ghatREL1
dtp_real_a1_cv2_sp5.ghatREL1,0.951921538610906,0.975664665041686,dtp,real,a1,cv2,sp5.ghatREL1
dtp_real_a1_cv2_sp6.ghatREL1,0.888674541573762,0.942695359898288,dtp,real,a1,cv2,sp6.ghatREL1
dtp_real_a1_cv2_sp7.ghatREL1,0.968330309870742,0.984037758356224,dtp,real,a1,cv2,sp7.ghatREL1
dtp_real_a1_cv2_sp8.ghatREL1,0.930945302292458,0.964855068024446,dtp,real,a1,cv2,sp8.ghatREL1
dtp_real_a1_cv2_sp9.ghatREL1,0.909262615239362,0.953552628458106,dtp,real,a1,cv2,sp9.ghatREL1
dtp_real_a1_cv3_sp10.ghatREL1,0.94221585046754,0.970678036460875,dtp,real,a1,cv3,sp10.ghatREL1
dtp_real_a1_cv3_sp1.ghatREL1,0.94462941351727,0.971920476951314,dtp,real,a1,cv3,sp1.ghatREL1
dtp_real_a1_cv3_sp2.ghatREL1,0.925601131162587,0.962081665537072,dtp,real,a1,cv3,sp2.ghatREL1
dtp_real_a1_cv3_sp3.ghatREL1,0.955163545639911,0.977324687931248,dtp,real,a1,cv3,sp3.ghatREL1
dtp_real_a1_cv3_sp4.ghatREL1,0.973091185670241,0.986453843659317,dtp,real,a1,cv3,sp4.ghatREL1
dtp_real_a1_cv3_sp5.ghatREL1,0.97405818338621,0.986943860301187,dtp,real,a1,cv3,sp5.ghatREL1
dtp_real_a1_cv3_sp6.ghatREL1,0.978798461189072,0.989342438789053,dtp,real,a1,cv3,sp6.ghatREL1
dtp_real_a1_cv3_sp7.ghatREL1,0.93585666556285,0.967396850089377,dtp,real,a1,cv3,sp7.ghatREL1
dtp_real_a1_cv3_sp8.ghatREL1,0.949412378200818,0.974377944229454,dtp,real,a1,cv3,sp8.ghatREL1
dtp_real_a1_cv3_sp9.ghatREL1,0.964185292151137,0.981929372282516,dtp,real,a1,cv3,sp9.ghatREL1
dtp_real_a1_cv4_sp10.ghatREL1,0.949517682394899,0.974431979357666,dtp,real,a1,cv4,sp10.ghatREL1
dtp_real_a1_cv4_sp1.ghatREL1,0.960116694184821,0.979855445555527,dtp,real,a1,cv4,sp1.ghatREL1
dtp_real_a1_cv4_sp2.ghatREL1,0.975471345859626,0.98765952932153,dtp,real,a1,cv4,sp2.ghatREL1
dtp_real_a1_cv4_sp3.ghatREL1,0.958846389935095,0.979207020979269,dtp,real,a1,cv4,sp3.ghatREL1
dtp_real_a1_cv4_sp4.ghatREL1,0.879799486769666,0.937976271965163,dtp,real,a1,cv4,sp4.ghatREL1
dtp_real_a1_cv4_sp5.ghatREL1,0.75473455898232,0.868754602279792,dtp,real,a1,cv4,sp5.ghatREL1
dtp_real_a1_cv4_sp6.ghatREL1,0.94814467305632,0.973727206694113,dtp,real,a1,cv4,sp6.ghatREL1
dtp_real_a1_cv4_sp7.ghatREL1,0.930823687523638,0.964792043667255,dtp,real,a1,cv4,sp7.ghatREL1
dtp_real_a1_cv4_sp8.ghatREL1,0.928097574848083,0.963378209660195,dtp,real,a1,cv4,sp8.ghatREL1
dtp_real_a1_cv4_sp9.ghatREL1,0.961427923949015,0.980524310738401,dtp,real,a1,cv4,sp9.ghatREL1
dtp_real_a1_cv5_sp10.ghatREL1,0.940221931011097,0.969650416908639,dtp,real,a1,cv5,sp10.ghatREL1
dtp_real_a1_cv5_sp1.ghatREL1,0.965992492454509,0.982849170755365,dtp,real,a1,cv5,sp1.ghatREL1
dtp_real_a1_cv5_sp2.ghatREL1,0.980667502196572,0.990286575793377,dtp,real,a1,cv5,sp2.ghatREL1
dtp_real_a1_cv5_sp3.ghatREL1,0.959342807655564,0.979460467632851,dtp,real,a1,cv5,sp3.ghatREL1
dtp_real_a1_cv5_sp4.ghatREL1,0.928936125453685,0.96381332500318,dtp,real,a1,cv5,sp4.ghatREL1
dtp_real_a1_cv5_sp5.ghatREL1,0.973503424509879,0.986662771421867,dtp,real,a1,cv5,sp5.ghatREL1
dtp_real_a1_cv5_sp6.ghatREL1,0.960570998793426,0.980087240399254,dtp,real,a1,cv5,sp6.ghatREL1
dtp_real_a1_cv5_sp7.ghatREL1,0.974085585628335,0.986957742574795,dtp,real,a1,cv5,sp7.ghatREL1
dtp_real_a1_cv5_sp8.ghatREL1,0.977511904955971,0.988692017240946,dtp,real,a1,cv5,sp8.ghatREL1
dtp_real_a1_cv5_sp9.ghatREL1,0.958134541157726,0.978843471223937,dtp,real,a1,cv5,sp9.ghatREL1
dtp_real_a2_cv1_sp10.ghatREL1,0.9746661599422,0.987251821949294,dtp,real,a2,cv1,sp10.ghatREL1
dtp_real_a2_cv1_sp1.ghatREL1,0.867827019439897,0.931572337201946,dtp,real,a2,cv1,sp1.ghatREL1
dtp_real_a2_cv1_sp2.ghatREL1,0.951903257745601,0.975655296580509,dtp,real,a2,cv1,sp2.ghatREL1
dtp_real_a2_cv1_sp3.ghatREL1,0.960239844707916,0.979918284709453,dtp,real,a2,cv1,sp3.ghatREL1
dtp_real_a2_cv1_sp4.ghatREL1,0.860046107717493,0.927386708831593,dtp,real,a2,cv1,sp4.ghatREL1
dtp_real_a2_cv1_sp5.ghatREL1,0.96315148871711,0.981402816746065,dtp,real,a2,cv1,sp5.ghatREL1
dtp_real_a2_cv1_sp6.ghatREL1,0.970260853948081,0.985018199805506,dtp,real,a2,cv1,sp6.ghatREL1
dtp_real_a2_cv1_sp7.ghatREL1,0.956592177335814,0.978055303822751,dtp,real,a2,cv1,sp7.ghatREL1
dtp_real_a2_cv1_sp8.ghatREL1,0.95222771229643,0.975821557610012,dtp,real,a2,cv1,sp8.ghatREL1
dtp_real_a2_cv1_sp9.ghatREL1,0.938884138660071,0.968960339054221,dtp,real,a2,cv1,sp9.ghatREL1
dtp_real_a2_cv2_sp10.ghatREL1,0.977879589941233,0.98887794491597,dtp,real,a2,cv2,sp10.ghatREL1
dtp_real_a2_cv2_sp1.ghatREL1,0.962474965181251,0.981058084509399,dtp,real,a2,cv2,sp1.ghatREL1
dtp_real_a2_cv2_sp2.ghatREL1,0.823671141420348,0.90756329885047,dtp,real,a2,cv2,sp2.ghatREL1
dtp_real_a2_cv2_sp3.ghatREL1,0.914327912493963,0.956204953184182,dtp,real,a2,cv2,sp3.ghatREL1
dtp_real_a2_cv2_sp4.ghatREL1,0.958397862844468,0.978977968518428,dtp,real,a2,cv2,sp4.ghatREL1
dtp_real_a2_cv2_sp5.ghatREL1,0.921736417977511,0.960071048400852,dtp,real,a2,cv2,sp5.ghatREL1
dtp_real_a2_cv2_sp6.ghatREL1,0.836878521247304,0.914810647755755,dtp,real,a2,cv2,sp6.ghatREL1
dtp_real_a2_cv2_sp7.ghatREL1,0.956803578449284,0.978163370020205,dtp,real,a2,cv2,sp7.ghatREL1
dtp_real_a2_cv2_sp8.ghatREL1,0.836685950735076,0.914705390131203,dtp,real,a2,cv2,sp8.ghatREL1
dtp_real_a2_cv2_sp9.ghatREL1,0.857921350647673,0.926240438896766,dtp,real,a2,cv2,sp9.ghatREL1
dtp_real_a2_cv3_sp10.ghatREL1,0.895319561209904,0.946213274695459,dtp,real,a2,cv3,sp10.ghatREL1
dtp_real_a2_cv3_sp1.ghatREL1,0.876249199267816,0.936081833638393,dtp,real,a2,cv3,sp1.ghatREL1
dtp_real_a2_cv3_sp2.ghatREL1,0.91007466948898,0.953978338060661,dtp,real,a2,cv3,sp2.ghatREL1
dtp_real_a2_cv3_sp3.ghatREL1,0.902073185615097,0.949775334284428,dtp,real,a2,cv3,sp3.ghatREL1
dtp_real_a2_cv3_sp4.ghatREL1,0.948969326284023,0.974150566536828,dtp,real,a2,cv3,sp4.ghatREL1
dtp_real_a2_cv3_sp5.ghatREL1,0.966858240315727,0.983289499748537,dtp,real,a2,cv3,sp5.ghatREL1
dtp_real_a2_cv3_sp6.ghatREL1,0.966931351955052,0.983326676112802,dtp,real,a2,cv3,sp6.ghatREL1
dtp_real_a2_cv3_sp7.ghatREL1,0.917651517769436,0.957941291400176,dtp,real,a2,cv3,sp7.ghatREL1
dtp_real_a2_cv3_sp8.ghatREL1,0.935423058721691,0.967172714008047,dtp,real,a2,cv3,sp8.ghatREL1
dtp_real_a2_cv3_sp9.ghatREL1,0.949221128267387,0.974279799784121,dtp,real,a2,cv3,sp9.ghatREL1
dtp_real_a2_cv4_sp10.ghatREL1,0.903677753736077,0.950619668288047,dtp,real,a2,cv4,sp10.ghatREL1
dtp_real_a2_cv4_sp1.ghatREL1,0.923261394975628,0.960864920254469,dtp,real,a2,cv4,sp1.ghatREL1
dtp_real_a2_cv4_sp2.ghatREL1,0.934512113679429,0.966701667361461,dtp,real,a2,cv4,sp2.ghatREL1
dtp_real_a2_cv4_sp3.ghatREL1,0.933665842653565,0.966263857677376,dtp,real,a2,cv4,sp3.ghatREL1
dtp_real_a2_cv4_sp4.ghatREL1,0.871495211039591,0.933539078474806,dtp,real,a2,cv4,sp4.ghatREL1
dtp_real_a2_cv4_sp5.ghatREL1,0.661926878154102,0.8135888876786,dtp,real,a2,cv4,sp5.ghatREL1
dtp_real_a2_cv4_sp6.ghatREL1,0.90063123340087,0.94901592895002,dtp,real,a2,cv4,sp6.ghatREL1
dtp_real_a2_cv4_sp7.ghatREL1,0.853284920904423,0.923734226335921,dtp,real,a2,cv4,sp7.ghatREL1
dtp_real_a2_cv4_sp8.ghatREL1,0.926184044344615,0.962384561568095,dtp,real,a2,cv4,sp8.ghatREL1
dtp_real_a2_cv4_sp9.ghatREL1,0.959822189188829,0.979705154211628,dtp,real,a2,cv4,sp9.ghatREL1
dtp_real_a2_cv5_sp10.ghatREL1,0.881688214865482,0.938982542364597,dtp,real,a2,cv5,sp10.ghatREL1
dtp_real_a2_cv5_sp1.ghatREL1,0.954335327999758,0.97690087931159,dtp,real,a2,cv5,sp1.ghatREL1
dtp_real_a2_cv5_sp2.ghatREL1,0.970700161856431,0.985241169387694,dtp,real,a2,cv5,sp2.ghatREL1
dtp_real_a2_cv5_sp3.ghatREL1,0.929340628740343,0.964023147408994,dtp,real,a2,cv5,sp3.ghatREL1
dtp_real_a2_cv5_sp4.ghatREL1,0.888475996784699,0.942590047043093,dtp,real,a2,cv5,sp4.ghatREL1
dtp_real_a2_cv5_sp5.ghatREL1,0.946514966507814,0.972890007404647,dtp,real,a2,cv5,sp5.ghatREL1
dtp_real_a2_cv5_sp6.ghatREL1,0.920727554650869,0.959545493789048,dtp,real,a2,cv5,sp6.ghatREL1
dtp_real_a2_cv5_sp7.ghatREL1,0.953735375972543,0.976593761997558,dtp,real,a2,cv5,sp7.ghatREL1
dtp_real_a2_cv5_sp8.ghatREL1,0.977825317098869,0.988850502906718,dtp,real,a2,cv5,sp8.ghatREL1
dtp_real_a2_cv5_sp9.ghatREL1,0.938848877476776,0.968942143513624,dtp,real,a2,cv5,sp9.ghatREL1
dtp_real_d1_cv1_sp10.ghatREL1,0.93277134004863,0.965800880124175,dtp,real,d1,cv1,sp10.ghatREL1
dtp_real_d1_cv1_sp1.ghatREL1,0.623313905864597,0.789502315300339,dtp,real,d1,cv1,sp1.ghatREL1
dtp_real_d1_cv1_sp2.ghatREL1,0.694413686408475,0.833314878307399,dtp,real,d1,cv1,sp2.ghatREL1
dtp_real_d1_cv1_sp3.ghatREL1,0.885445074772874,0.940980910950309,dtp,real,d1,cv1,sp3.ghatREL1
dtp_real_d1_cv1_sp4.ghatREL1,0.821565241278879,0.906402361690921,dtp,real,d1,cv1,sp4.ghatREL1
dtp_real_d1_cv1_sp5.ghatREL1,0.746766697053706,0.864156639188583,dtp,real,d1,cv1,sp5.ghatREL1
dtp_real_d1_cv1_sp6.ghatREL1,0.901227330559442,0.949329937671536,dtp,real,d1,cv1,sp6.ghatREL1
dtp_real_d1_cv1_sp7.ghatREL1,0.472672489302665,0.687511810300496,dtp,real,d1,cv1,sp7.ghatREL1
dtp_real_d1_cv1_sp8.ghatREL1,0.951037743945386,0.975211640591613,dtp,real,d1,cv1,sp8.ghatREL1
dtp_real_d1_cv1_sp9.ghatREL1,0.872196208637057,0.933914454667587,dtp,real,d1,cv1,sp9.ghatREL1
dtp_real_d1_cv2_sp10.ghatREL1,0.760960249462782,0.872330355692602,dtp,real,d1,cv2,sp10.ghatREL1
dtp_real_d1_cv2_sp1.ghatREL1,0.941489986732228,0.970304069213475,dtp,real,d1,cv2,sp1.ghatREL1
dtp_real_d1_cv2_sp2.ghatREL1,0.800615607911391,0.894771260105839,dtp,real,d1,cv2,sp2.ghatREL1
dtp_real_d1_cv2_sp3.ghatREL1,0.732247472679244,0.855714597678013,dtp,real,d1,cv2,sp3.ghatREL1
dtp_real_d1_cv2_sp4.ghatREL1,0.897398465690637,0.94731117680023,dtp,real,d1,cv2,sp4.ghatREL1
dtp_real_d1_cv2_sp5.ghatREL1,0.525129454316446,0.724658163768577,dtp,real,d1,cv2,sp5.ghatREL1
dtp_real_d1_cv2_sp6.ghatREL1,0.761941477722137,0.87289259231714,dtp,real,d1,cv2,sp6.ghatREL1
dtp_real_d1_cv2_sp7.ghatREL1,0.887752497861979,0.942206186491035,dtp,real,d1,cv2,sp7.ghatREL1
dtp_real_d1_cv2_sp8.ghatREL1,0.830852062536707,0.911510868029947,dtp,real,d1,cv2,sp8.ghatREL1
dtp_real_d1_cv2_sp9.ghatREL1,0.878454735745069,0.937259161462329,dtp,real,d1,cv2,sp9.ghatREL1
dtp_real_d1_cv3_sp10.ghatREL1,0.879724415419433,0.937936253387954,dtp,real,d1,cv3,sp10.ghatREL1
dtp_real_d1_cv3_sp1.ghatREL1,0.89277749454335,0.944869035656979,dtp,real,d1,cv3,sp1.ghatREL1
dtp_real_d1_cv3_sp2.ghatREL1,0.920421968609923,0.959386245789423,dtp,real,d1,cv3,sp2.ghatREL1
dtp_real_d1_cv3_sp3.ghatREL1,0.947906496802921,0.973604897688442,dtp,real,d1,cv3,sp3.ghatREL1
dtp_real_d1_cv3_sp4.ghatREL1,0.958586921460388,0.979074522934995,dtp,real,d1,cv3,sp4.ghatREL1
dtp_real_d1_cv3_sp5.ghatREL1,0.97080635165011,0.985295058167912,dtp,real,d1,cv3,sp5.ghatREL1
dtp_real_d1_cv3_sp6.ghatREL1,0.774799213888265,0.880226796847417,dtp,real,d1,cv3,sp6.ghatREL1
dtp_real_d1_cv3_sp7.ghatREL1,0.870620805248806,0.933070632507961,dtp,real,d1,cv3,sp7.ghatREL1
dtp_real_d1_cv3_sp8.ghatREL1,0.961091142582958,0.98035256034906,dtp,real,d1,cv3,sp8.ghatREL1
dtp_real_d1_cv3_sp9.ghatREL1,0.756728536417234,0.869901452129627,dtp,real,d1,cv3,sp9.ghatREL1
dtp_real_d1_cv4_sp10.ghatREL1,0.712497601675267,0.844095730160547,dtp,real,d1,cv4,sp10.ghatREL1
dtp_real_d1_cv4_sp1.ghatREL1,0.914974897378336,0.956543202044914,dtp,real,d1,cv4,sp1.ghatREL1
dtp_real_d1_cv4_sp2.ghatREL1,0.759605617535284,0.871553565499726,dtp,real,d1,cv4,sp2.ghatREL1
dtp_real_d1_cv4_sp3.ghatREL1,0.888216401272334,0.942452333687139,dtp,real,d1,cv4,sp3.ghatREL1
dtp_real_d1_cv4_sp4.ghatREL1,0.540016657956303,0.734858257051183,dtp,real,d1,cv4,sp4.ghatREL1
dtp_real_d1_cv4_sp5.ghatREL1,0.702523780617673,0.838166916919102,dtp,real,d1,cv4,sp5.ghatREL1
dtp_real_d1_cv4_sp6.ghatREL1,0.699757636249191,0.836515173950354,dtp,real,d1,cv4,sp6.ghatREL1
dtp_real_d1_cv4_sp7.ghatREL1,0.851237073311994,0.92262509900392,dtp,real,d1,cv4,sp7.ghatREL1
dtp_real_d1_cv4_sp8.ghatREL1,0.852682765199796,0.923408233231541,dtp,real,d1,cv4,sp8.ghatREL1
dtp_real_d1_cv4_sp9.ghatREL1,0.80910821333877,0.89950442652539,dtp,real,d1,cv4,sp9.ghatREL1
dtp_real_d1_cv5_sp10.ghatREL1,0.817876153833202,0.904365055623669,dtp,real,d1,cv5,sp10.ghatREL1
dtp_real_d1_cv5_sp1.ghatREL1,0.272775604747439,0.522279240203398,dtp,real,d1,cv5,sp1.ghatREL1
dtp_real_d1_cv5_sp2.ghatREL1,0.912306005263203,0.955147111843617,dtp,real,d1,cv5,sp2.ghatREL1
dtp_real_d1_cv5_sp3.ghatREL1,0.474289418492294,0.688686734656835,dtp,real,d1,cv5,sp3.ghatREL1
dtp_real_d1_cv5_sp4.ghatREL1,0.22189815628959,0.471060671558972,dtp,real,d1,cv5,sp4.ghatREL1
dtp_real_d1_cv5_sp5.ghatREL1,0.942068066234085,0.970601909247084,dtp,real,d1,cv5,sp5.ghatREL1
dtp_real_d1_cv5_sp6.ghatREL1,0.85293372258883,0.923544109714761,dtp,real,d1,cv5,sp6.ghatREL1
dtp_real_d1_cv5_sp7.ghatREL1,0.814162475965288,0.902309523370605,dtp,real,d1,cv5,sp7.ghatREL1
dtp_real_d1_cv5_sp8.ghatREL1,0.535427444322197,0.731729078499821,dtp,real,d1,cv5,sp8.ghatREL1
dtp_real_d1_cv5_sp9.ghatREL1,0.766723448602866,0.875627459941079,dtp,real,d1,cv5,sp9.ghatREL1
dtp_real_d2_cv1_sp10.ghatREL1,0.896521397373761,0.946848138496222,dtp,real,d2,cv1,sp10.ghatREL1
dtp_real_d2_cv1_sp1.ghatREL1,0.631116218170481,0.794428233492794,dtp,real,d2,cv1,sp1.ghatREL1
dtp_real_d2_cv1_sp2.ghatREL1,0.661242334276015,0.813168084885293,dtp,real,d2,cv1,sp2.ghatREL1
dtp_real_d2_cv1_sp3.ghatREL1,0.911344348301598,0.954643571340423,dtp,real,d2,cv1,sp3.ghatREL1
dtp_real_d2_cv1_sp4.ghatREL1,0.787901988048585,0.887638433174558,dtp,real,d2,cv1,sp4.ghatREL1
dtp_real_d2_cv1_sp5.ghatREL1,0.716921225626679,0.846712008670409,dtp,real,d2,cv1,sp5.ghatREL1
dtp_real_d2_cv1_sp6.ghatREL1,0.905110013305013,0.951372699474298,dtp,real,d2,cv1,sp6.ghatREL1
dtp_real_d2_cv1_sp7.ghatREL1,0.460672178509312,0.678728353989512,dtp,real,d2,cv1,sp7.ghatREL1
dtp_real_d2_cv1_sp8.ghatREL1,0.936125967581158,0.967536029086854,dtp,real,d2,cv1,sp8.ghatREL1
dtp_real_d2_cv1_sp9.ghatREL1,0.834520969151941,0.913521192502911,dtp,real,d2,cv1,sp9.ghatREL1
dtp_real_d2_cv2_sp10.ghatREL1,0.760933547767564,0.872315050751484,dtp,real,d2,cv2,sp10.ghatREL1
dtp_real_d2_cv2_sp1.ghatREL1,0.923944127280455,0.961220124258983,dtp,real,d2,cv2,sp1.ghatREL1
dtp_real_d2_cv2_sp2.ghatREL1,0.771156092008058,0.878154936220288,dtp,real,d2,cv2,sp2.ghatREL1
dtp_real_d2_cv2_sp3.ghatREL1,0.742334245046477,0.861588210833039,dtp,real,d2,cv2,sp3.ghatREL1
dtp_real_d2_cv2_sp4.ghatREL1,0.858041493326456,0.926305291643342,dtp,real,d2,cv2,sp4.ghatREL1
dtp_real_d2_cv2_sp5.ghatREL1,0.55820953394714,0.747134214145718,dtp,real,d2,cv2,sp5.ghatREL1
dtp_real_d2_cv2_sp6.ghatREL1,0.821628480861816,0.906437245959044,dtp,real,d2,cv2,sp6.ghatREL1
dtp_real_d2_cv2_sp7.ghatREL1,0.880762612663488,0.938489537855105,dtp,real,d2,cv2,sp7.ghatREL1
dtp_real_d2_cv2_sp8.ghatREL1,0.82747775986619,0.909658045567778,dtp,real,d2,cv2,sp8.ghatREL1
dtp_real_d2_cv2_sp9.ghatREL1,0.901122627481468,0.949274790290708,dtp,real,d2,cv2,sp9.ghatREL1
dtp_real_d2_cv3_sp10.ghatREL1,0.897002988168281,0.947102416937198,dtp,real,d2,cv3,sp10.ghatREL1
dtp_real_d2_cv3_sp1.ghatREL1,0.840295030055935,0.916676076951905,dtp,real,d2,cv3,sp1.ghatREL1
dtp_real_d2_cv3_sp2.ghatREL1,0.928468103727721,0.963570497539086,dtp,real,d2,cv3,sp2.ghatREL1
dtp_real_d2_cv3_sp3.ghatREL1,0.893492426157117,0.945247283073121,dtp,real,d2,cv3,sp3.ghatREL1
dtp_real_d2_cv3_sp4.ghatREL1,0.946693393227232,0.972981702411321,dtp,real,d2,cv3,sp4.ghatREL1
dtp_real_d2_cv3_sp5.ghatREL1,0.972900372093127,0.986357121986315,dtp,real,d2,cv3,sp5.ghatREL1
dtp_real_d2_cv3_sp6.ghatREL1,0.770637599849239,0.877859669793093,dtp,real,d2,cv3,sp6.ghatREL1
dtp_real_d2_cv3_sp7.ghatREL1,0.833367008274487,0.912889373513838,dtp,real,d2,cv3,sp7.ghatREL1
dtp_real_d2_cv3_sp8.ghatREL1,0.904182466479087,0.950885096359748,dtp,real,d2,cv3,sp8.ghatREL1
dtp_real_d2_cv3_sp9.ghatREL1,0.669547283574381,0.818258689886261,dtp,real,d2,cv3,sp9.ghatREL1
dtp_real_d2_cv4_sp10.ghatREL1,0.739497624359532,0.859940477218937,dtp,real,d2,cv4,sp10.ghatREL1
dtp_real_d2_cv4_sp1.ghatREL1,0.888844841200704,0.942785681478407,dtp,real,d2,cv4,sp1.ghatREL1
dtp_real_d2_cv4_sp2.ghatREL1,0.687478288295827,0.829143104835243,dtp,real,d2,cv4,sp2.ghatREL1
dtp_real_d2_cv4_sp3.ghatREL1,0.846090366331032,0.919831705439116,dtp,real,d2,cv4,sp3.ghatREL1
dtp_real_d2_cv4_sp4.ghatREL1,0.614133094371876,0.783666443311104,dtp,real,d2,cv4,sp4.ghatREL1
dtp_real_d2_cv4_sp5.ghatREL1,0.735090891165325,0.857374417139516,dtp,real,d2,cv4,sp5.ghatREL1
dtp_real_d2_cv4_sp6.ghatREL1,0.670761119286565,0.819000072824517,dtp,real,d2,cv4,sp6.ghatREL1
dtp_real_d2_cv4_sp7.ghatREL1,0.876395932467807,0.93616020662481,dtp,real,d2,cv4,sp7.ghatREL1
dtp_real_d2_cv4_sp8.ghatREL1,0.840509356969141,0.916792973887312,dtp,real,d2,cv4,sp8.ghatREL1
dtp_real_d2_cv4_sp9.ghatREL1,0.758646863202424,0.871003365781341,dtp,real,d2,cv4,sp9.ghatREL1
dtp_real_d2_cv5_sp10.ghatREL1,0.791692056137586,0.889770788539153,dtp,real,d2,cv5,sp10.ghatREL1
dtp_real_d2_cv5_sp1.ghatREL1,0.253977025186673,0.50396133302732,dtp,real,d2,cv5,sp1.ghatREL1
dtp_real_d2_cv5_sp2.ghatREL1,0.93131457489846,0.965046410748447,dtp,real,d2,cv5,sp2.ghatREL1
dtp_real_d2_cv5_sp3.ghatREL1,0.45887302815531,0.677401674160398,dtp,real,d2,cv5,sp3.ghatREL1
dtp_real_d2_cv5_sp4.ghatREL1,0.244359174193698,0.49432699116445,dtp,real,d2,cv5,sp4.ghatREL1
dtp_real_d2_cv5_sp5.ghatREL1,0.858009325620574,0.926287928033489,dtp,real,d2,cv5,sp5.ghatREL1
dtp_real_d2_cv5_sp6.ghatREL1,0.794405972149633,0.891294548479701,dtp,real,d2,cv5,sp6.ghatREL1
dtp_real_d2_cv5_sp7.ghatREL1,0.820956080200044,0.90606626700261,dtp,real,d2,cv5,sp7.ghatREL1
dtp_real_d2_cv5_sp8.ghatREL1,0.533691637661606,0.730542016356079,dtp,real,d2,cv5,sp8.ghatREL1
dtp_real_d2_cv5_sp9.ghatREL1,0.723175320227501,0.850397154409339,dtp,real,d2,cv5,sp9.ghatREL1
dts_real_a1_cv1_sp10.ghatREL1,0.976972037224974,0.988418958349633,dts,real,a1,cv1,sp10.ghatREL1
dts_real_a1_cv1_sp1.ghatREL1,0.943242414107114,0.971206679397909,dts,real,a1,cv1,sp1.ghatREL1
dts_real_a1_cv1_sp2.ghatREL1,0.978604392652342,0.989244354369709,dts,real,a1,cv1,sp2.ghatREL1
dts_real_a1_cv1_sp3.ghatREL1,0.933652151744628,0.966256773194697,dts,real,a1,cv1,sp3.ghatREL1
dts_real_a1_cv1_sp4.ghatREL1,0.949893930857265,0.974625020639869,dts,real,a1,cv1,sp4.ghatREL1
dts_real_a1_cv1_sp5.ghatREL1,0.974497693473254,0.987166497341383,dts,real,a1,cv1,sp5.ghatREL1
dts_real_a1_cv1_sp6.ghatREL1,0.971428803413733,0.985610878295148,dts,real,a1,cv1,sp6.ghatREL1
dts_real_a1_cv1_sp7.ghatREL1,0.913630251332148,0.955840076232498,dts,real,a1,cv1,sp7.ghatREL1
dts_real_a1_cv1_sp8.ghatREL1,0.980314476289109,0.990108315432766,dts,real,a1,cv1,sp8.ghatREL1
dts_real_a1_cv1_sp9.ghatREL1,0.960138923132637,0.97986678846292,dts,real,a1,cv1,sp9.ghatREL1
dts_real_a1_cv2_sp10.ghatREL1,0.975799591538583,0.98782568884322,dts,real,a1,cv2,sp10.ghatREL1
dts_real_a1_cv2_sp1.ghatREL1,0.991426369969744,0.995703956992109,dts,real,a1,cv2,sp1.ghatREL1
dts_real_a1_cv2_sp2.ghatREL1,0.935790267210942,0.967362531428079,dts,real,a1,cv2,sp2.ghatREL1
dts_real_a1_cv2_sp3.ghatREL1,0.959019988082083,0.979295659176575,dts,real,a1,cv2,sp3.ghatREL1
dts_real_a1_cv2_sp4.ghatREL1,0.965108614406904,0.982399416941452,dts,real,a1,cv2,sp4.ghatREL1
dts_real_a1_cv2_sp5.ghatREL1,0.971492605214374,0.985643244391384,dts,real,a1,cv2,sp5.ghatREL1
dts_real_a1_cv2_sp6.ghatREL1,0.928343626785967,0.96350590386669,dts,real,a1,cv2,sp6.ghatREL1
dts_real_a1_cv2_sp7.ghatREL1,0.972755101938036,0.986283479501728,dts,real,a1,cv2,sp7.ghatREL1
dts_real_a1_cv2_sp8.ghatREL1,0.983949375626243,0.991942223935569,dts,real,a1,cv2,sp8.ghatREL1
dts_real_a1_cv2_sp9.ghatREL1,0.951272715032534,0.97533210499426,dts,real,a1,cv2,sp9.ghatREL1
dts_real_a1_cv3_sp10.ghatREL1,0.946748247272866,0.973009890634656,dts,real,a1,cv3,sp10.ghatREL1
dts_real_a1_cv3_sp1.ghatREL1,0.954179329741327,0.976821032605936,dts,real,a1,cv3,sp1.ghatREL1
dts_real_a1_cv3_sp2.ghatREL1,0.953657345966366,0.976553811096125,dts,real,a1,cv3,sp2.ghatREL1
dts_real_a1_cv3_sp3.ghatREL1,0.958186390451734,0.978869955842825,dts,real,a1,cv3,sp3.ghatREL1
dts_real_a1_cv3_sp4.ghatREL1,0.9734056252809,0.986613209561326,dts,real,a1,cv3,sp4.ghatREL1
dts_real_a1_cv3_sp5.ghatREL1,0.950330002480606,0.974848707482657,dts,real,a1,cv3,sp5.ghatREL1
dts_real_a1_cv3_sp6.ghatREL1,0.986695894081992,0.993325673725386,dts,real,a1,cv3,sp6.ghatREL1
dts_real_a1_cv3_sp7.ghatREL1,0.930625176233353,0.964689160420782,dts,real,a1,cv3,sp7.ghatREL1
dts_real_a1_cv3_sp8.ghatREL1,0.981134690633297,0.990522433180237,dts,real,a1,cv3,sp8.ghatREL1
dts_real_a1_cv3_sp9.ghatREL1,0.959007091851461,0.979289074712601,dts,real,a1,cv3,sp9.ghatREL1
dts_real_a1_cv4_sp10.ghatREL1,0.940119769342502,0.969597735838168,dts,real,a1,cv4,sp10.ghatREL1
dts_real_a1_cv4_sp1.ghatREL1,0.964152103399099,0.981912472371697,dts,real,a1,cv4,sp1.ghatREL1
dts_real_a1_cv4_sp2.ghatREL1,0.951801805509117,0.975603303350864,dts,real,a1,cv4,sp2.ghatREL1
dts_real_a1_cv4_sp3.ghatREL1,0.978391375818185,0.989136682070878,dts,real,a1,cv4,sp3.ghatREL1
dts_real_a1_cv4_sp4.ghatREL1,0.92335885224887,0.960915632222137,dts,real,a1,cv4,sp4.ghatREL1
dts_real_a1_cv4_sp5.ghatREL1,0.866203568193197,0.930700579237596,dts,real,a1,cv4,sp5.ghatREL1
dts_real_a1_cv4_sp6.ghatREL1,0.967348674277671,0.983538852449496,dts,real,a1,cv4,sp6.ghatREL1
dts_real_a1_cv4_sp7.ghatREL1,0.951528302501835,0.975463122061431,dts,real,a1,cv4,sp7.ghatREL1
dts_real_a1_cv4_sp8.ghatREL1,0.917735409286458,0.957985077799471,dts,real,a1,cv4,sp8.ghatREL1
dts_real_a1_cv4_sp9.ghatREL1,0.956312220873772,0.977912174417402,dts,real,a1,cv4,sp9.ghatREL1
dts_real_a1_cv5_sp10.ghatREL1,0.937940626951659,0.968473348601632,dts,real,a1,cv5,sp10.ghatREL1
dts_real_a1_cv5_sp1.ghatREL1,0.933380444096155,0.9661161649078,dts,real,a1,cv5,sp1.ghatREL1
dts_real_a1_cv5_sp2.ghatREL1,0.991598778278208,0.99579052931739,dts,real,a1,cv5,sp2.ghatREL1
dts_real_a1_cv5_sp3.ghatREL1,0.971483456896999,0.985638603595151,dts,real,a1,cv5,sp3.ghatREL1
dts_real_a1_cv5_sp4.ghatREL1,0.931041508671322,0.964904922088867,dts,real,a1,cv5,sp4.ghatREL1
dts_real_a1_cv5_sp5.ghatREL1,0.966633318070741,0.983175120754559,dts,real,a1,cv5,sp5.ghatREL1
dts_real_a1_cv5_sp6.ghatREL1,0.973873355486575,0.986850219378085,dts,real,a1,cv5,sp6.ghatREL1
dts_real_a1_cv5_sp7.ghatREL1,0.97499194560415,0.987416804396274,dts,real,a1,cv5,sp7.ghatREL1
dts_real_a1_cv5_sp8.ghatREL1,0.948169168320594,0.973739784706671,dts,real,a1,cv5,sp8.ghatREL1
dts_real_a1_cv5_sp9.ghatREL1,0.963151799699963,0.981402975183978,dts,real,a1,cv5,sp9.ghatREL1
dts_real_a2_cv1_sp10.ghatREL1,0.976424295154154,0.988141839592957,dts,real,a2,cv1,sp10.ghatREL1
dts_real_a2_cv1_sp1.ghatREL1,0.924130742387467,0.961317191351256,dts,real,a2,cv1,sp1.ghatREL1
dts_real_a2_cv1_sp2.ghatREL1,0.965998913606603,0.982852437350899,dts,real,a2,cv1,sp2.ghatREL1
dts_real_a2_cv1_sp3.ghatREL1,0.925255989643992,0.961902276556196,dts,real,a2,cv1,sp3.ghatREL1
dts_real_a2_cv1_sp4.ghatREL1,0.891969184228872,0.94444120210253,dts,real,a2,cv1,sp4.ghatREL1
dts_real_a2_cv1_sp5.ghatREL1,0.966203791807065,0.982956658152874,dts,real,a2,cv1,sp5.ghatREL1
dts_real_a2_cv1_sp6.ghatREL1,0.964978471486055,0.982333177433225,dts,real,a2,cv1,sp6.ghatREL1
dts_real_a2_cv1_sp7.ghatREL1,0.914567806333955,0.956330385554048,dts,real,a2,cv1,sp7.ghatREL1
dts_real_a2_cv1_sp8.ghatREL1,0.981432468327808,0.990672735229858,dts,real,a2,cv1,sp8.ghatREL1
dts_real_a2_cv1_sp9.ghatREL1,0.942497747630838,0.97082323191755,dts,real,a2,cv1,sp9.ghatREL1
dts_real_a2_cv2_sp10.ghatREL1,0.971625612155843,0.985710714234072,dts,real,a2,cv2,sp10.ghatREL1
dts_real_a2_cv2_sp1.ghatREL1,0.983318699956697,0.991624273581833,dts,real,a2,cv2,sp1.ghatREL1
dts_real_a2_cv2_sp2.ghatREL1,0.887881379560387,0.942274577583618,dts,real,a2,cv2,sp2.ghatREL1
dts_real_a2_cv2_sp3.ghatREL1,0.891669452055145,0.944282506485821,dts,real,a2,cv2,sp3.ghatREL1
dts_real_a2_cv2_sp4.ghatREL1,0.967096394690037,0.983410593134951,dts,real,a2,cv2,sp4.ghatREL1
dts_real_a2_cv2_sp5.ghatREL1,0.943772024092391,0.971479296790411,dts,real,a2,cv2,sp5.ghatREL1
dts_real_a2_cv2_sp6.ghatREL1,0.779184414948073,0.882714231757976,dts,real,a2,cv2,sp6.ghatREL1
dts_real_a2_cv2_sp7.ghatREL1,0.946879471078962,0.973077320195554,dts,real,a2,cv2,sp7.ghatREL1
dts_real_a2_cv2_sp8.ghatREL1,0.921945872735862,0.960180125151454,dts,real,a2,cv2,sp8.ghatREL1
dts_real_a2_cv2_sp9.ghatREL1,0.907550107115316,0.95265424321488,dts,real,a2,cv2,sp9.ghatREL1
dts_real_a2_cv3_sp1.ghatREL1,0.924892628683373,0.961713381774098,dts,real,a2,cv3,sp1.ghatREL1
dts_real_a2_cv3_sp2.ghatREL1,0.94093754114574,0.970019350913032,dts,real,a2,cv3,sp2.ghatREL1
dts_real_a2_cv3_sp3.ghatREL1,0.933895655096418,0.966382768418611,dts,real,a2,cv3,sp3.ghatREL1
dts_real_a2_cv3_sp4.ghatREL1,0.967489436866984,0.983610409088366,dts,real,a2,cv3,sp4.ghatREL1
dts_real_a2_cv3_sp5.ghatREL1,0.935874318737163,0.967405974106612,dts,real,a2,cv3,sp5.ghatREL1
